INSERT INTO Region(Name) VALUES
    ('Grassy Plains'),
    ('Jungle'),
    ('Pirate Region');

INSERT INTO Adventure(RegionId,Name) VALUES
    ((SELECT Id FROM Region WHERE Name = 'Grassy Plains'),'Rats? How Original!'),
    ((SELECT Id FROM Region WHERE Name = 'Grassy Plains'),'Gobliiins'),
    ((SELECT Id FROM Region WHERE Name = 'Grassy Plains'),'A Victimless Crime'),
    ((SELECT Id FROM Region WHERE Name = 'Grassy Plains'),'Firelord'),
    ((SELECT Id FROM Region WHERE Name = 'Jungle'),'Snakes on a Plain'),
    ((SELECT Id FROM Region WHERE Name = 'Jungle'),'The Sapphire of Tlaloc'),
    ((SELECT Id FROM Region WHERE Name = 'Jungle'),'Double Trouble'),
    ((SELECT Id FROM Region WHERE Name = 'Pirate Region'),'Skull Cavern'),
    ((SELECT Id FROM Region WHERE Name = 'Jungle'),'All Mixed Up'),
    ((SELECT Id FROM Region WHERE Name = 'Jungle'),'Ogre Menace'),
    ((SELECT Id FROM Region WHERE Name = 'Jungle'),'Dragons Hoard');

INSERT INTO Consequence(Name) VALUES
    ('Death'),
    ('Boss Fight');

INSERT INTO Quest(AdventureId, Name, Bonus, LastAward, Objective, BossChase, TurnLimit, LimitConsequenceId,Comment) VALUES
    ((SELECT Id FROM Adventure WHERE Name = 'Snakes on a Plain'), 'Whyd it Have to Be Snakes', 50, NULL, NULL, 0, NULL, NULL, NULL),
    ((SELECT Id FROM Adventure WHERE Name = 'Snakes on a Plain'), 'Stony Stare', 300, 353, 'Defeat Medusa before you get turned to stone!', 0, 10, (SELECT Id FROM Consequence WHERE Name = 'Death'), NULL),
    ((SELECT Id FROM Adventure WHERE Name = 'The Sapphire of Tlaloc'), 'Grab', 50, 61, 'Steal the Sapphire', 0, NULL, NULL, NULL),
    ((SELECT Id FROM Adventure WHERE Name = 'The Sapphire of Tlaloc'), 'Run', 300, 355, 'Get out before the roof collapses!', 0, 9, (SELECT Id FROM Consequence WHERE Name = 'Death'), NULL),
    ((SELECT Id FROM Adventure WHERE Name = 'Double Trouble'), 'Venture Deeper', 50, 98, 'Defeat 2 Jungle Shaman', 0, NULL, NULL, NULL),
    ((SELECT Id FROM Adventure WHERE Name = 'Double Trouble'), 'Eatin Ettin', 300, 355, 'Defeat Ettin!', 0, 6, (SELECT Id FROM Consequence WHERE Name = 'Boss Fight'), NULL),
    ((SELECT Id FROM Adventure WHERE Name = 'Skull Cavern'), 'Parrot Treasure', 50, 143, 'Defeat 3 cranky parrots', 0, NULL, NULL, NULL),
    ((SELECT Id FROM Adventure WHERE Name = 'All Mixed Up'), 'Ruffled Feathers', 50, 118, NULL, 1, NULL, NULL, NULL),
    ((SELECT Id FROM Adventure WHERE Name = 'Ogre Menace'), 'Hero Fricasee', 50, 178, 'Rescue the Drunken Sailor', 0, 10, (SELECT Id FROM Consequence WHERE Name = 'Boss Fight'), NULL),
    ((SELECT Id FROM Adventure WHERE Name = 'All Mixed Up'), 'Wild Life', 50, 59, 'Defeat 3 monsters', 0, NULL, NULL, NULL),
    ((SELECT Id FROM Adventure WHERE Name = 'All Mixed Up'), 'Awakened', 300, 353, 'Defeat the Chimera!', 1, NULL, NULL, NULL),
    ((SELECT Id FROM Adventure WHERE Name = 'Ogre Menace'), 'Assassination', 300, 404, 'Defeat the ogre while hes still sleepy', 0, 10, (SELECT Id FROM Consequence WHERE Name = 'Boss Fight'), NULL),
    ((SELECT Id FROM Adventure WHERE Name = 'Dragons Hoard'), 'Heist', 300, 353, 'Steal 3 chests', 0, NULL, NULL, NULL),
    ((SELECT Id FROM Adventure WHERE Name = 'Dragons Hoard'), 'Revenge', NULL, NULL, 'Defeat the angry dragon!', 1, NULL, NULL, NULL),
    ((SELECT Id FROM Adventure WHERE Name = 'Rats? How Original!'), 'Squeak squeak', 50, 61, 'Defeat 3 monsters', NULL, NULL, NULL, 'Start on an island'),
    ((SELECT Id FROM Adventure WHERE Name = 'Rats? How Original!'), 'Rat Pack', NULL, NULL, NULL, NULL, NULL, NULL, NULL),
    ((SELECT Id FROM Adventure WHERE Name = 'Gobliiins'), 'Goblin Menace', 20, 34, 'Defeat 3 monsters', NULL, NULL, NULL, 'Start on an island'),
    ((SELECT Id FROM Adventure WHERE Name = 'Gobliiins'), 'Orcs!', NULL, NULL, NULL, NULL, NULL, NULL, NULL),
    ((SELECT Id FROM Adventure WHERE Name = 'A Victimless Crime'), 'Lovely loot', NULL, NULL, 'Collect 3 large chests', NULL, NULL, NULL, 'Start on an island'),
    ((SELECT Id FROM Adventure WHERE Name = 'A Victimless Crime'), 'Terrible Truth', NULL, NULL, NULL, NULL, NULL, NULL, NULL),
    ((SELECT Id FROM Adventure WHERE Name = 'Firelord'), 'Fiery Foray', NULL, NULL, NULL, NULL, NULL, NULL, NULL),
    ((SELECT Id FROM Adventure WHERE Name = 'Firelord'), 'Scorching Spoils', NULL, NULL, NULL, NULL, NULL, NULL, NULL),
    ((SELECT Id FROM Adventure WHERE Name = 'Firelord'), 'Bath Bomb', NULL, NULL, NULL, NULL, NULL, NULL, NULL);

INSERT INTO Monster(Name, Level, Hearts) VALUES
    ('Giant Bat',1,NULL),
    ('Nasty Rat',1,5),
    ('Rat Man',2,6),
    ('Gnoll',2,6),
    ('Rat King',NULL,NULL),
    ('Fire Imp',1,5),
    ('Goblin',1,6),
    ('Bandito',3,NULL),
    ('Fire Elemental',3,NULL),
    ('Scary Spider',1,NULL),
    ('Zombie',2,9),
    ('Ghost',2,NULL),
    ('Bloodstarved Bat', 1, 6),
    ('Maneating Plant', 2, 8),
    ('Poisonous Snake', 2, 8),
    ('Oarsman', 1, 5),
    ('One-headed Monkey', 1, 6),
    ('Sea Monkey', 2, 8),
    ('Pirate', 3, 8),
    ('Buccaneer', 3, 9),
    ('Cranky Parrot', 3, 9),
    ('Leggy Spider', 1, 7),
    ('Jungle Shaman', 3, 8),
    ('Pixies', 1, 5),
    ('Owl Bear', 3, 8),
    ('Dire Scorpion', 3, 8),
    ('Medusa', 4, 8),
    ('Plague Rat', 1, 6),
    ('Lizardman', 2, 8),
    ('Hilly Gnoll', 2, 8),
    ('Air Elemental', 3, 9),
    ('Worm', 2, 9),
    ('Flaming Gallah', 3, 9),
    ('Cabinboy', 2, 7),
    ('Gunner', 2, 7),
    ('Jungle Warrior', 1, 6),
    ('Frenzied Goblin', 1, 6),
    ('Pirate Joe', 1, NULL),
    ('Rat Berserker', 2, 9),
    ('Harpy', 2, 8),
    ('Gargoyle', 3, 10),
    ('Ogre', 4, 10);

INSERT INTO MonsterQuest(MonsterId,QuestId) VALUES
    ((SELECT Id FROM Monster WHERE Name = 'Giant Bat'), (SELECT Id FROM Quest WHERE Name = 'Squeak squeak')),
    ((SELECT Id FROM Monster WHERE Name = 'Nasty Rat'), (SELECT Id FROM Quest WHERE Name = 'Squeak squeak')),
    ((SELECT Id FROM Monster WHERE Name = 'Nasty Rat'), (SELECT Id FROM Quest WHERE Name = 'Rat pack')),
    ((SELECT Id FROM Monster WHERE Name = 'Rat Man'), (SELECT Id FROM Quest WHERE Name = 'Rat pack')),
    ((SELECT Id FROM Monster WHERE Name = 'Gnoll'), (SELECT Id FROM Quest WHERE Name = 'Rat pack')),
    ((SELECT Id FROM Monster WHERE Name = 'Rat King'), (SELECT Id FROM Quest WHERE Name = 'Rat pack')),
    ((SELECT Id FROM Monster WHERE Name = 'Fire Imp'), (SELECT Id FROM Quest WHERE Name = 'Goblin Menace')),
    ((SELECT Id FROM Monster WHERE Name = 'Goblin'), (SELECT Id FROM Quest WHERE Name = 'Goblin Menace')),
    ((SELECT Id FROM Monster WHERE Name = 'Bandito'), (SELECT Id FROM Quest WHERE Name = 'Goblin Menace')),
    ((SELECT Id FROM Monster WHERE Name = 'Fire Elemental'), (SELECT Id FROM Quest WHERE Name = 'Goblin Menace')),
    ((SELECT Id FROM Monster WHERE Name = 'Bloodstarved Bat'), (SELECT Id FROM Quest WHERE Name = 'Whyd it Have to Be Snakes')),
    ((SELECT Id FROM Monster WHERE Name = 'Maneating Plant'), (SELECT Id FROM Quest WHERE Name = 'Whyd it Have to Be Snakes')),
    ((SELECT Id FROM Monster WHERE Name = 'Poisonous Snake'), (SELECT Id FROM Quest WHERE Name = 'Whyd it Have to Be Snakes')),
    ((SELECT Id FROM Monster WHERE Name = 'Oarsman'), (SELECT Id FROM Quest WHERE Name = 'Parrot Treasure')),
    ((SELECT Id FROM Monster WHERE Name = 'One-headed Monkey'), (SELECT Id FROM Quest WHERE Name = 'Parrot Treasure')),
    ((SELECT Id FROM Monster WHERE Name = 'Sea Monkey'), (SELECT Id FROM Quest WHERE Name = 'Parrot Treasure')),
    ((SELECT Id FROM Monster WHERE Name = 'Pirate'), (SELECT Id FROM Quest WHERE Name = 'Parrot Treasure')),
    ((SELECT Id FROM Monster WHERE Name = 'Buccaneer'), (SELECT Id FROM Quest WHERE Name = 'Parrot Treasure')),
    ((SELECT Id FROM Monster WHERE Name = 'Cranky Parrot'), (SELECT Id FROM Quest WHERE Name = 'Parrot Treasure')),
    ((SELECT Id FROM Monster WHERE Name = 'Bloodstarved Bat'), (SELECT Id FROM Quest WHERE Name = 'Stony Stare')),
    ((SELECT Id FROM Monster WHERE Name = 'Leggy Spider'), (SELECT Id FROM Quest WHERE Name = 'Stony Stare')),
    ((SELECT Id FROM Monster WHERE Name = 'Jungle Shaman'), (SELECT Id FROM Quest WHERE Name = 'Stony Stare')),
    ((SELECT Id FROM Monster WHERE Name = 'Pixies'), (SELECT Id FROM Quest WHERE Name = 'Stony Stare')),
    ((SELECT Id FROM Monster WHERE Name = 'Dire Scorpion'), (SELECT Id FROM Quest WHERE Name = 'Stony Stare')),
    ((SELECT Id FROM Monster WHERE Name = 'Poisonous Snake'), (SELECT Id FROM Quest WHERE Name = 'Stony Stare')),
    ((SELECT Id FROM Monster WHERE Name = 'Plague Rat'), (SELECT Id FROM Quest WHERE Name = 'Grab')),
    ((SELECT Id FROM Monster WHERE Name = 'Pixies'), (SELECT Id FROM Quest WHERE Name = 'Grab')),
    ((SELECT Id FROM Monster WHERE Name = 'Lizardman'), (SELECT Id FROM Quest WHERE Name = 'Grab')),
    ((SELECT Id FROM Monster WHERE Name = 'Owl Bear'), (SELECT Id FROM Quest WHERE Name = 'Grab')),
    ((SELECT Id FROM Monster WHERE Name = 'Leggy Spider'), (SELECT Id FROM Quest WHERE Name = 'Grab')),
    ((SELECT Id FROM Monster WHERE Name = 'Plague Rat'), (SELECT Id FROM Quest WHERE Name = 'Run')),
    ((SELECT Id FROM Monster WHERE Name = 'Lizardman'), (SELECT Id FROM Quest WHERE Name = 'Run')),
    ((SELECT Id FROM Monster WHERE Name = 'Owl Bear'), (SELECT Id FROM Quest WHERE Name = 'Run')),
    ((SELECT Id FROM Monster WHERE Name = 'Hilly Gnoll'), (SELECT Id FROM Quest WHERE Name = 'Run')),
    ((SELECT Id FROM Monster WHERE Name = 'Maneating Plant'), (SELECT Id FROM Quest WHERE Name = 'Run')),
    ((SELECT Id FROM Monster WHERE Name = 'Dire Scorpion'), (SELECT Id FROM Quest WHERE Name = 'Run')),
    ((SELECT Id FROM Monster WHERE Name = 'Air Elemental'), (SELECT Id FROM Quest WHERE Name = 'Run')),
    ((SELECT Id FROM Monster WHERE Name = 'Bloodstarved Bat'), (SELECT Id FROM Quest WHERE Name = 'Wild Life')),
    ((SELECT Id FROM Monster WHERE Name = 'Plague Rat'), (SELECT Id FROM Quest WHERE Name = 'Wild Life')),
    ((SELECT Id FROM Monster WHERE Name = 'Poisonous Snake'), (SELECT Id FROM Quest WHERE Name = 'Wild Life')),
    ((SELECT Id FROM Monster WHERE Name = 'Worm'), (SELECT Id FROM Quest WHERE Name = 'Wild Life')),
    ((SELECT Id FROM Monster WHERE Name = 'Leggy Spider'), (SELECT Id FROM Quest WHERE Name = 'Wild Life')),
    ((SELECT Id FROM Monster WHERE Name = 'Owl Bear'), (SELECT Id FROM Quest WHERE Name = 'Wild Life')),
    ((SELECT Id FROM Monster WHERE Name = 'Leggy Spider'), (SELECT Id FROM Quest WHERE Name = 'Venture Deeper')),
    ((SELECT Id FROM Monster WHERE Name = 'Pixies'), (SELECT Id FROM Quest WHERE Name = 'Venture Deeper')),
    ((SELECT Id FROM Monster WHERE Name = 'Jungle Shaman'), (SELECT Id FROM Quest WHERE Name = 'Venture Deeper')),
    ((SELECT Id FROM Monster WHERE Name = 'Lizardman'), (SELECT Id FROM Quest WHERE Name = 'Venture Deeper')),
    ((SELECT Id FROM Monster WHERE Name = 'Owl Bear'), (SELECT Id FROM Quest WHERE Name = 'Venture Deeper')),
    ((SELECT Id FROM Monster WHERE Name = 'Poisonous Snake'), (SELECT Id FROM Quest WHERE Name = 'Venture Deeper')),
    ((SELECT Id FROM Monster WHERE Name = 'Flaming Gallah'), (SELECT Id FROM Quest WHERE Name = 'Ruffled Feathers')),
    ((SELECT Id FROM Monster WHERE Name = 'Oarsman'), (SELECT Id FROM Quest WHERE Name = 'Ruffled Feathers')),
    ((SELECT Id FROM Monster WHERE Name = 'One-headed Monkey'), (SELECT Id FROM Quest WHERE Name = 'Ruffled Feathers')),
    ((SELECT Id FROM Monster WHERE Name = 'Sea Monkey'), (SELECT Id FROM Quest WHERE Name = 'Ruffled Feathers')),
    ((SELECT Id FROM Monster WHERE Name = 'Buccaneer'), (SELECT Id FROM Quest WHERE Name = 'Ruffled Feathers')),
    ((SELECT Id FROM Monster WHERE Name = 'Cranky Parrot'), (SELECT Id FROM Quest WHERE Name = 'Ruffled Feathers')),
    ((SELECT Id FROM Monster WHERE Name = 'Pirate'), (SELECT Id FROM Quest WHERE Name = 'Ruffled Feathers')),
    ((SELECT Id FROM Monster WHERE Name = 'Bloodstarved Bat'), (SELECT Id FROM Quest WHERE Name = 'Venture Deeper')),
    ((SELECT Id FROM Monster WHERE Name = 'Gunner'), (SELECT Id FROM Quest WHERE Name = 'Venture Deeper')),
    ((SELECT Id FROM Monster WHERE Name = 'Cabinboy'), (SELECT Id FROM Quest WHERE Name = 'Ruffled Feathers')),
    ((SELECT Id FROM Monster WHERE Name = 'Lizardman'), (SELECT Id FROM Quest WHERE Name = 'Eatin Ettin')),
    ((SELECT Id FROM Monster WHERE Name = 'Pixies'), (SELECT Id FROM Quest WHERE Name = 'Eatin Ettin')),
    ((SELECT Id FROM Monster WHERE Name = 'Leggy Spider'), (SELECT Id FROM Quest WHERE Name = 'Eatin Ettin')),
    ((SELECT Id FROM Monster WHERE Name = 'Maneating Plant'), (SELECT Id FROM Quest WHERE Name = 'Eatin Ettin')),
    ((SELECT Id FROM Monster WHERE Name = 'Owl Bear'), (SELECT Id FROM Quest WHERE Name = 'Eatin Ettin')),
    ((SELECT Id FROM Monster WHERE Name = 'Leggy Spider'), (SELECT Id FROM Quest WHERE Name = 'Awakened')),
    ((SELECT Id FROM Monster WHERE Name = 'Bloodstarved Bat'), (SELECT Id FROM Quest WHERE Name = 'Awakened')),
    ((SELECT Id FROM Monster WHERE Name = 'Plague Rat'), (SELECT Id FROM Quest WHERE Name = 'Awakened')),
    ((SELECT Id FROM Monster WHERE Name = 'Worm'), (SELECT Id FROM Quest WHERE Name = 'Awakened')),
    ((SELECT Id FROM Monster WHERE Name = 'Poisonous Snake'), (SELECT Id FROM Quest WHERE Name = 'Awakened')),
    ((SELECT Id FROM Monster WHERE Name = 'Jungle Warrior'), (SELECT Id FROM Quest WHERE Name = 'Assassination')),
    ((SELECT Id FROM Monster WHERE Name = 'Bloodstarved Bat'), (SELECT Id FROM Quest WHERE Name = 'Assassination')),
    ((SELECT Id FROM Monster WHERE Name = 'Frenzied Goblin'), (SELECT Id FROM Quest WHERE Name = 'Assassination')),
    ((SELECT Id FROM Monster WHERE Name = 'Hilly Gnoll'), (SELECT Id FROM Quest WHERE Name = 'Assassination')),
    ((SELECT Id FROM Monster WHERE Name = 'Harpy'), (SELECT Id FROM Quest WHERE Name = 'Assassination')),
    ((SELECT Id FROM Monster WHERE Name = 'Owl Bear'), (SELECT Id FROM Quest WHERE Name = 'Assassination')),
    ((SELECT Id FROM Monster WHERE Name = 'Oarsman'), (SELECT Id FROM Quest WHERE Name = 'Hero Fricasee')),
    ((SELECT Id FROM Monster WHERE Name = 'One-headed Monkey'), (SELECT Id FROM Quest WHERE Name = 'Hero Fricasee')),
    ((SELECT Id FROM Monster WHERE Name = 'Pirate'), (SELECT Id FROM Quest WHERE Name = 'Hero Fricasee')),
    ((SELECT Id FROM Monster WHERE Name = 'Buccaneer'), (SELECT Id FROM Quest WHERE Name = 'Hero Fricasee')),
    ((SELECT Id FROM Monster WHERE Name = 'Cabinboy'), (SELECT Id FROM Quest WHERE Name = 'Hero Fricasee')),
    ((SELECT Id FROM Monster WHERE Name = 'Jungle Warrior'), (SELECT Id FROM Quest WHERE Name = 'Heist')),
    ((SELECT Id FROM Monster WHERE Name = 'Frenzied Goblin'), (SELECT Id FROM Quest WHERE Name = 'Heist')),
    ((SELECT Id FROM Monster WHERE Name = 'Gargoyle'), (SELECT Id FROM Quest WHERE Name = 'Heist')),
    ((SELECT Id FROM Monster WHERE Name = 'Pixies'), (SELECT Id FROM Quest WHERE Name = 'Heist')),
    ((SELECT Id FROM Monster WHERE Name = 'Maneating Plant'), (SELECT Id FROM Quest WHERE Name = 'Heist'));

INSERT INTO Dungeoneer(Name,Hearts,UnlockCost) VALUES
    ('Ranger', 6, NULL),
    ('Cat Burgler', 6, NULL),
    ('Chump', 6, 0),
    ('Mime', 5, NULL),
    ('Apprentice', 5, NULL),
    ('Shapeshifter', 5, NULL),
    ('Bruiser', 5, NULL),
    ('Chump',5,1),
    ('Apprentice',5,1),
    ('Bruiser',5,1),
    ('Cat Burglar',5,1),
    ('Mime',5,1),
    ('Alchemist',5,2),
    ('Barbarian',6,2),
    ('Ranger',6,2),
    ('Shapeshifter',6,2),
    ('Artificer',9,3),
    ('Cartomancer',8,3),
    ('Mathemagician',8,3),
    ('Most Holy Grail Knight',9,3),
    ('Troubador',8,3),
    ('Drunken Sailor',6,2),
    ('H2Omancer',6,2),
    ('Swashbuckler',6,2);

INSERT INTO Discipline(Name) VALUES
    ('Venom'),
    ('Feral'),
    ('Nature'),
    ('Demonic'),
    ('Sorcery'),
    ('Burly'),
    ('Irritable'),
    ('Armed'),
    ('Stupidity'),
    ('Rage'),
    ('Ghoulish'),
    ('Flame'),
    ('Pickpocket'),
    ('Electrical'),
    ('Aquatic'),
    ('Spooky'),
    ('Gunnery'),
    ('Fire'),
    ('Swift'),
    ('Growth'),
    ('Blade'),
    ('Crush'),
    ('Armour'),
    ('Arcane'),
    ('Holy');

INSERT INTO Trait(Name,Description) VALUES
    ('Predictable', 'Top card of deck is face up'),
    ('Ranged', 'All physical attacks are quick, +1 damage if they are already quick'),
    ('Wandering', 'Randomly moves each turn'),
    ('Fury', 'All physical attacks deal +1 damage if on half health or less'),
    ('Ferocious', 'Physical attacks dealing 3+ damage get 1 bonus damage'),
    ('Crewmate', '+1❤️ if another crewmate is defeated '),
    ('Rum', 'First time starting a round on 1❤️, gain 2❤️'),
    ('Aggressive', 'Chases dungeoneer 1 tile per turn'),
    ('Frail', 'Incoming physical attacks get +1 damage'),
    ('Leader', '+1❤️ for each surrounding minion'),
    ('Thief', 'Moves toward adjacent gold'),
    ('Tenacious', 'Cant be killed unless on 1 ❤️'),
    ('Bulwark', 'If you would take exactly 1 damage on a turn, prevent it'),
    ('Night Owl', '-1❤️ if surrounded by 5+ tiles'),
    ('Loner', '-1❤️ if in a dead-end'),
    ('Covetous', '+1 loot choice slot'),
    ('Talented', 'Start with Fire I'),
    ('Wild', 'Start with Growth I'),
    ('Spikey', 'When you fully-block an attack, deal 1 damage'),
    ('Burn', 'Both fighters takes 1 damage each turn'),
    ('Mundane', ''),
    ('Sluggish', 'Enemy blocks are twice as effective'),
    ('Brittle', 'Taking 4+ damage in one turn causes 2 extra damage'),
    ('Sleepy', 'Just got out of bed. -3❤️'),
    ('Retribution', NULL),
    ('Decay',NULL);

INSERT INTO Rarity(Name) VALUES
    ('Common'),
    ('Uncommon'),
    ('Rare'),
    ('E');

INSERT INTO Tier(Level,Cost) VALUES
    (1,50),
    (2,500),
    (3,2000);

INSERT INTO GuildUpgrade(Name,TierId) VALUES
    ('Blacksmith', (SELECT Id FROM Tier WHERE Level = 1)),
    ('Leatherworker', (SELECT Id FROM Tier WHERE Level = 1)),
    ('Woodworker', (SELECT Id FROM Tier WHERE Level = 1)),
    ('Curio Shoppe', (SELECT Id FROM Tier WHERE Level = 1)),
    ('Steel Anvil', (SELECT Id FROM Tier WHERE Level = 2)),
    ('Fine Awl', (SELECT Id FROM Tier WHERE Level = 2)),
    ('Fine Chisel', (SELECT Id FROM Tier WHERE Level = 2)),
    ('Weird and Wonderful', (SELECT Id FROM Tier WHERE Level = 2)),
    ('Adamantium Anvil', (SELECT Id FROM Tier WHERE Level = 3)),
    ('Runed Awl', (SELECT Id FROM Tier WHERE Level = 3)),
    ('Runed Chisel', (SELECT Id FROM Tier WHERE Level = 3));

INSERT INTO Bodypart(Name) VALUES
    ('Body'),
    ('Headgear'),
    ('Offhand'),
    ('Weapon');

INSERT INTO Item(Name,GuildUpgradeId,RarityId,Level,Hearts,BodypartId) VALUES
    ('Flintlock', (SELECT Id FROM GuildUpgrade WHERE Name = 'Blacksmith'), (SELECT Id FROM Rarity WHERE Name = 'Uncommon'), 3, 0, (SELECT Id FROM Bodypart WHERE Name = 'Weapon')),
    ('Sash', (SELECT Id FROM GuildUpgrade WHERE Name = 'Blacksmith'), (SELECT Id FROM Rarity WHERE Name = 'Uncommon'), 1, 0, (SELECT Id FROM Bodypart WHERE Name = 'Body')),
    ('Mace', (SELECT Id FROM GuildUpgrade WHERE Name = 'Blacksmith'), (SELECT Id FROM Rarity WHERE Name = 'Uncommon'), 3, 0, (SELECT Id FROM Bodypart WHERE Name = 'Weapon')),
    ('Scale Mail', (SELECT Id FROM GuildUpgrade WHERE Name = 'Blacksmith'), (SELECT Id FROM Rarity WHERE Name = 'Uncommon'), 3, 2, (SELECT Id FROM Bodypart WHERE Name = 'Body')),
    ('Scimitar', (SELECT Id FROM GuildUpgrade WHERE Name = 'Blacksmith'), (SELECT Id FROM Rarity WHERE Name = 'Uncommon'), 2, 0, (SELECT Id FROM Bodypart WHERE Name = 'Weapon')),
    ('Soldiers Helmet', (SELECT Id FROM GuildUpgrade WHERE Name = 'Blacksmith'), (SELECT Id FROM Rarity WHERE Name = 'Uncommon'), 1, 1, (SELECT Id FROM Bodypart WHERE Name = 'Headgear')),
    ('Tricorne', (SELECT Id FROM GuildUpgrade WHERE Name = 'Leatherworker'), (SELECT Id FROM Rarity WHERE Name = 'Uncommon'), 2, 0, (SELECT Id FROM Bodypart WHERE Name = 'Headgear')),
    ('Corset', (SELECT Id FROM GuildUpgrade WHERE Name = 'Leatherworker'), (SELECT Id FROM Rarity WHERE Name = 'Uncommon'), 2, 0, (SELECT Id FROM Bodypart WHERE Name = 'Body')),
    ('Wolf Pelt', (SELECT Id FROM GuildUpgrade WHERE Name = 'Leatherworker'), (SELECT Id FROM Rarity WHERE Name = 'Uncommon'), 3, 1, (SELECT Id FROM Bodypart WHERE Name = 'Body')),
    ('Mage Robes', (SELECT Id FROM GuildUpgrade WHERE Name = 'Leatherworker'), (SELECT Id FROM Rarity WHERE Name = 'Uncommon'), 2, 0, (SELECT Id FROM Bodypart WHERE Name = 'Body')),
    ('Skull Cap', (SELECT Id FROM GuildUpgrade WHERE Name = 'Leatherworker'), (SELECT Id FROM Rarity WHERE Name = 'Uncommon'), 2, 0, (SELECT Id FROM Bodypart WHERE Name = 'Headgear')),
    ('Leather-bound Tome', (SELECT Id FROM GuildUpgrade WHERE Name = 'Leatherworker'), (SELECT Id FROM Rarity WHERE Name = 'Uncommon'), 1, 0, (SELECT Id FROM Bodypart WHERE Name = 'Offhand')),
    ('Conch', (SELECT Id FROM GuildUpgrade WHERE Name = 'Woodworker'), (SELECT Id FROM Rarity WHERE Name = 'Uncommon'), 3, 0, (SELECT Id FROM Bodypart WHERE Name = 'Offhand')),
    ('Spyglass', (SELECT Id FROM GuildUpgrade WHERE Name = 'Woodworker'), (SELECT Id FROM Rarity WHERE Name = 'Uncommon'), 1, 0, (SELECT Id FROM Bodypart WHERE Name = 'Offhand')),
    ('Heater Shield', (SELECT Id FROM GuildUpgrade WHERE Name = 'Woodworker'), (SELECT Id FROM Rarity WHERE Name = 'Uncommon'), 3, 1, (SELECT Id FROM Bodypart WHERE Name = 'Offhand')),
    ('Crossbow', (SELECT Id FROM GuildUpgrade WHERE Name = 'Woodworker'), (SELECT Id FROM Rarity WHERE Name = 'Uncommon'), 2, 0, (SELECT Id FROM Bodypart WHERE Name = 'Weapon')),
    ('Arcane Wand', (SELECT Id FROM GuildUpgrade WHERE Name = 'Woodworker'), (SELECT Id FROM Rarity WHERE Name = 'Uncommon'), 1, 0, (SELECT Id FROM Bodypart WHERE Name = 'Weapon')),
    ('Hand-axe', (SELECT Id FROM GuildUpgrade WHERE Name = 'Woodworker'), (SELECT Id FROM Rarity WHERE Name = 'Uncommon'), 1, 0, (SELECT Id FROM Bodypart WHERE Name = 'Weapon')),
    ('Mariners Medallion', (SELECT Id FROM GuildUpgrade WHERE Name = 'Curio Shoppe'), (SELECT Id FROM Rarity WHERE Name = 'Uncommon'), 3, 0, (SELECT Id FROM Bodypart WHERE Name = 'Offhand')),
    ('Bandana', (SELECT Id FROM GuildUpgrade WHERE Name = 'Curio Shoppe'), (SELECT Id FROM Rarity WHERE Name = 'Uncommon'), 1, 0, (SELECT Id FROM Bodypart WHERE Name = 'Headgear')),
    ('Masquerade Mask', (SELECT Id FROM GuildUpgrade WHERE Name = 'Curio Shoppe'), (SELECT Id FROM Rarity WHERE Name = 'Uncommon'), 3, 0, (SELECT Id FROM Bodypart WHERE Name = 'Headgear')),
    ('Winged Staff', (SELECT Id FROM GuildUpgrade WHERE Name = 'Curio Shoppe'), (SELECT Id FROM Rarity WHERE Name = 'Uncommon'), 3, 0, (SELECT Id FROM Bodypart WHERE Name = 'Weapon')),
    ('Daisy Chain', (SELECT Id FROM GuildUpgrade WHERE Name = 'Curio Shoppe'), (SELECT Id FROM Rarity WHERE Name = 'Uncommon'), 2, 1, (SELECT Id FROM Bodypart WHERE Name = 'Headgear')),
    ('Troll Femur', (SELECT Id FROM GuildUpgrade WHERE Name = 'Curio Shoppe'), (SELECT Id FROM Rarity WHERE Name = 'Uncommon'), 1, 0, (SELECT Id FROM Bodypart WHERE Name = 'Weapon')),
    ('Seafarers Brace', (SELECT Id FROM GuildUpgrade WHERE Name = 'Steel Anvil'), (SELECT Id FROM Rarity WHERE Name = 'Rare'), 2, 0, (SELECT Id FROM Bodypart WHERE Name = 'Body')),
    ('Grenade', (SELECT Id FROM GuildUpgrade WHERE Name = 'Steel Anvil'), (SELECT Id FROM Rarity WHERE Name = 'Rare'), 1, 0, (SELECT Id FROM Bodypart WHERE Name = 'Weapon')),
    ('Doom Plate', (SELECT Id FROM GuildUpgrade WHERE Name = 'Steel Anvil'), (SELECT Id FROM Rarity WHERE Name = 'Rare'), 3, 0, (SELECT Id FROM Bodypart WHERE Name = 'Body')),
    ('Horned Helm', (SELECT Id FROM GuildUpgrade WHERE Name = 'Steel Anvil'), (SELECT Id FROM Rarity WHERE Name = 'Rare'), 3, 0, (SELECT Id FROM Bodypart WHERE Name = 'Headgear')),
    ('Spiky Hat', (SELECT Id FROM GuildUpgrade WHERE Name = 'Steel Anvil'), (SELECT Id FROM Rarity WHERE Name = 'Rare'), 2, 0, (SELECT Id FROM Bodypart WHERE Name = 'Headgear')),
    ('Brass Knuckles', (SELECT Id FROM GuildUpgrade WHERE Name = 'Steel Anvil'), (SELECT Id FROM Rarity WHERE Name = 'Rare'), 1, 0, (SELECT Id FROM Bodypart WHERE Name = 'Weapon')),
    ('Eyepatch', (SELECT Id FROM GuildUpgrade WHERE Name = 'Fine Awl'), (SELECT Id FROM Rarity WHERE Name = 'Rare'), 2, 0, (SELECT Id FROM Bodypart WHERE Name = 'Headgear')),
    ('Fish Scale Cowl', (SELECT Id FROM GuildUpgrade WHERE Name = 'Fine Awl'), (SELECT Id FROM Rarity WHERE Name = 'Rare'), 1, 1, (SELECT Id FROM Bodypart WHERE Name = 'Body')),
    ('Padded Vest', (SELECT Id FROM GuildUpgrade WHERE Name = 'Fine Awl'), (SELECT Id FROM Rarity WHERE Name = 'Rare'), 3, 0, (SELECT Id FROM Bodypart WHERE Name = 'Body')),
    ('Scroll of Souls', (SELECT Id FROM GuildUpgrade WHERE Name = 'Fine Awl'), (SELECT Id FROM Rarity WHERE Name = 'Rare'), 2, 0, (SELECT Id FROM Bodypart WHERE Name = 'Offhand')),
    ('Fez', (SELECT Id FROM GuildUpgrade WHERE Name = 'Fine Awl'), (SELECT Id FROM Rarity WHERE Name = 'Rare'), 2, 0, (SELECT Id FROM Bodypart WHERE Name = 'Headgear')),
    ('Dead Lizard Charm', (SELECT Id FROM GuildUpgrade WHERE Name = 'Fine Awl'), (SELECT Id FROM Rarity WHERE Name = 'Rare'), 1, 0, (SELECT Id FROM Bodypart WHERE Name = 'Offhand')),
    ('Cavaliers Hat', (SELECT Id FROM GuildUpgrade WHERE Name = 'Fine Chisel'), (SELECT Id FROM Rarity WHERE Name = 'Rare'), 3, 0, (SELECT Id FROM Bodypart WHERE Name = 'Headgear')),
    ('Sea Charts', (SELECT Id FROM GuildUpgrade WHERE Name = 'Fine Chisel'), (SELECT Id FROM Rarity WHERE Name = 'Rare'), 1, 0, (SELECT Id FROM Bodypart WHERE Name = 'Offhand')),
    ('Spiked Shield', (SELECT Id FROM GuildUpgrade WHERE Name = 'Fine Chisel'), (SELECT Id FROM Rarity WHERE Name = 'Rare'), 3, 0, (SELECT Id FROM Bodypart WHERE Name = 'Offhand')),
    ('Mind Staff', (SELECT Id FROM GuildUpgrade WHERE Name = 'Fine Chisel'), (SELECT Id FROM Rarity WHERE Name = 'Rare'), 3, 0, (SELECT Id FROM Bodypart WHERE Name = 'Weapon')),
    ('Cursed Bow', (SELECT Id FROM GuildUpgrade WHERE Name = 'Fine Chisel'), (SELECT Id FROM Rarity WHERE Name = 'Rare'), 3, 0, (SELECT Id FROM Bodypart WHERE Name = 'Weapon')),
    ('Bark Vest', (SELECT Id FROM GuildUpgrade WHERE Name = 'Fine Chisel'), (SELECT Id FROM Rarity WHERE Name = 'Rare'), 1, 0, (SELECT Id FROM Bodypart WHERE Name = 'Body')),
    ('Cutlass', (SELECT Id FROM GuildUpgrade WHERE Name = 'Adamantium Anvil'), (SELECT Id FROM Rarity WHERE Name = 'E'), 1, 0, (SELECT Id FROM Bodypart WHERE Name = 'Weapon')),
    ('Sword of the Sea', (SELECT Id FROM GuildUpgrade WHERE Name = 'Adamantium Anvil'), (SELECT Id FROM Rarity WHERE Name = 'E'), 3, 0, (SELECT Id FROM Bodypart WHERE Name = 'Weapon')),
    ('Battle Axe', (SELECT Id FROM GuildUpgrade WHERE Name = 'Adamantium Anvil'), (SELECT Id FROM Rarity WHERE Name = 'E'), 3, 0, (SELECT Id FROM Bodypart WHERE Name = 'Weapon')),
    ('Winged Fury', (SELECT Id FROM GuildUpgrade WHERE Name = 'Adamantium Anvil'), (SELECT Id FROM Rarity WHERE Name = 'E'), 3, 0, (SELECT Id FROM Bodypart WHERE Name = 'Headgear')),
    ('Broadsword', (SELECT Id FROM GuildUpgrade WHERE Name = 'Adamantium Anvil'), (SELECT Id FROM Rarity WHERE Name = 'E'), 2, 0, (SELECT Id FROM Bodypart WHERE Name = 'Weapon')),
    ('Cleaver', (SELECT Id FROM GuildUpgrade WHERE Name = 'Adamantium Anvil'), (SELECT Id FROM Rarity WHERE Name = 'E'), 1, 0, (SELECT Id FROM Bodypart WHERE Name = 'Weapon')),
    ('Ocean Staff', (SELECT Id FROM GuildUpgrade WHERE Name = 'Runed Awl'), (SELECT Id FROM Rarity WHERE Name = 'E'), 2, 0, (SELECT Id FROM Bodypart WHERE Name = 'Weapon')),
    ('Seaweed', (SELECT Id FROM GuildUpgrade WHERE Name = 'Runed Awl'), (SELECT Id FROM Rarity WHERE Name = 'E'), 1, 0, (SELECT Id FROM Bodypart WHERE Name = 'Headgear')),
    ('Dragon Scale', (SELECT Id FROM GuildUpgrade WHERE Name = 'Runed Awl'), (SELECT Id FROM Rarity WHERE Name = 'E'), 3, 0, (SELECT Id FROM Bodypart WHERE Name = 'Body')),
    ('Duelling Buckler', (SELECT Id FROM GuildUpgrade WHERE Name = 'Runed Awl'), (SELECT Id FROM Rarity WHERE Name = 'E'), 3, 0, (SELECT Id FROM Bodypart WHERE Name = 'Offhand')),
    ('Wolf Hat', (SELECT Id FROM GuildUpgrade WHERE Name = 'Runed Awl'), (SELECT Id FROM Rarity WHERE Name = 'E'), 2, 0, (SELECT Id FROM Bodypart WHERE Name = 'Headgear')),
    ('Net', (SELECT Id FROM GuildUpgrade WHERE Name = 'Runed Awl'), (SELECT Id FROM Rarity WHERE Name = 'E'), 1, 0, (SELECT Id FROM Bodypart WHERE Name = 'Offhand'));

INSERT INTO MonsterDiscipline (MonsterId, DisciplineId, Level) VALUES
    ((SELECT Id FROM Monster WHERE Name = 'Rat Man'), (SELECT Id FROM Discipline WHERE Name = 'Irritable'), 3),
    ((SELECT Id FROM Monster WHERE Name = 'Rat Man'), (SELECT Id FROM Discipline WHERE Name = 'Armed'), 3),
    ((SELECT Id FROM Monster WHERE Name = 'Rat Man'), (SELECT Id FROM Discipline WHERE Name = 'Feral'), 2),
    ((SELECT Id FROM Monster WHERE Name = 'Nasty Rat'), (SELECT Id FROM Discipline WHERE Name = 'Nature'), 2),
    ((SELECT Id FROM Monster WHERE Name = 'Nasty Rat'), (SELECT Id FROM Discipline WHERE Name = 'Feral'), 2),
    ((SELECT Id FROM Monster WHERE Name = 'Gnoll'), (SELECT Id FROM Discipline WHERE Name = 'Nature'), 2),
    ((SELECT Id FROM Monster WHERE Name = 'Gnoll'), (SELECT Id FROM Discipline WHERE Name = 'Irritable'), 3),
    ((SELECT Id FROM Monster WHERE Name = 'Gnoll'), (SELECT Id FROM Discipline WHERE Name = 'Armed'), 2),
    ((SELECT Id FROM Monster WHERE Name = 'Fire Imp'), (SELECT Id FROM Discipline WHERE Name = 'Flame'), 3),
    ((SELECT Id FROM Monster WHERE Name = 'Fire Imp'), (SELECT Id FROM Discipline WHERE Name = 'Stupidity'), 1),
    ((SELECT Id FROM Monster WHERE Name = 'Zombie'), (SELECT Id FROM Discipline WHERE Name = 'Irritable'), 3),
    ((SELECT Id FROM Monster WHERE Name = 'Zombie'), (SELECT Id FROM Discipline WHERE Name = 'Spooky'), 3),
    ((SELECT Id FROM Monster WHERE Name = 'Zombie'), (SELECT Id FROM Discipline WHERE Name = 'Death'), 3),
    ((SELECT Id FROM Monster WHERE Name = 'Plague Rat'), (SELECT Id FROM Discipline WHERE Name = 'Venom'), 2),
    ((SELECT Id FROM Monster WHERE Name = 'Plague Rat'), (SELECT Id FROM Discipline WHERE Name = 'Feral'), 2),
    ((SELECT Id FROM Monster WHERE Name = 'Pixies'), (SELECT Id FROM Discipline WHERE Name = 'Nature'), 2),
    ((SELECT Id FROM Monster WHERE Name = 'Pixies'), (SELECT Id FROM Discipline WHERE Name = 'Demonic'), 1),
    ((SELECT Id FROM Monster WHERE Name = 'Pixies'), (SELECT Id FROM Discipline WHERE Name = 'Sorcery'), 1),
    ((SELECT Id FROM Monster WHERE Name = 'Hilly Gnoll'), (SELECT Id FROM Discipline WHERE Name = 'Burly'), 2),
    ((SELECT Id FROM Monster WHERE Name = 'Hilly Gnoll'), (SELECT Id FROM Discipline WHERE Name = 'Irritable'), 1),
    ((SELECT Id FROM Monster WHERE Name = 'Hilly Gnoll'), (SELECT Id FROM Discipline WHERE Name = 'Armed'), 2),
    ((SELECT Id FROM Monster WHERE Name = 'Maneating Plant'), (SELECT Id FROM Discipline WHERE Name = 'Stupidity'), 1),
    ((SELECT Id FROM Monster WHERE Name = 'Maneating Plant'), (SELECT Id FROM Discipline WHERE Name = 'Venom'), 3),
    ((SELECT Id FROM Monster WHERE Name = 'Lizardman'), (SELECT Id FROM Discipline WHERE Name = 'Nature'), 3),
    ((SELECT Id FROM Monster WHERE Name = 'Lizardman'), (SELECT Id FROM Discipline WHERE Name = 'Burly'), 2),
    ((SELECT Id FROM Monster WHERE Name = 'Owl Bear'), (SELECT Id FROM Discipline WHERE Name = 'Rage'), 3),
    ((SELECT Id FROM Monster WHERE Name = 'Owl Bear'), (SELECT Id FROM Discipline WHERE Name = 'Nature'), 2),
    ((SELECT Id FROM Monster WHERE Name = 'Dire Scorpion'), (SELECT Id FROM Discipline WHERE Name = 'Burly'), 2),
    ((SELECT Id FROM Monster WHERE Name = 'Dire Scorpion'), (SELECT Id FROM Discipline WHERE Name = 'Nature'), 2),
    ((SELECT Id FROM Monster WHERE Name = 'Air Elemental'), (SELECT Id FROM Discipline WHERE Name = 'Sorcery'), 3),
    ((SELECT Id FROM Monster WHERE Name = 'Air Elemental'), (SELECT Id FROM Discipline WHERE Name = 'Irritable'), 3),
    ((SELECT Id FROM Monster WHERE Name = 'Worm'), (SELECT Id FROM Discipline WHERE Name = 'Ghoulish'), 2),
    ((SELECT Id FROM Monster WHERE Name = 'Worm'), (SELECT Id FROM Discipline WHERE Name = 'Stupidity'), 2),
    ((SELECT Id FROM Monster WHERE Name = 'Worm'), (SELECT Id FROM Discipline WHERE Name = 'Venom'), 3),
    ((SELECT Id FROM Monster WHERE Name = 'Jungle Shaman'), (SELECT Id FROM Discipline WHERE Name = 'Sorcery'), 3),
    ((SELECT Id FROM Monster WHERE Name = 'Jungle Shaman'), (SELECT Id FROM Discipline WHERE Name = 'Flame'), 3),
    ((SELECT Id FROM Monster WHERE Name = 'Flaming Gallah'), (SELECT Id FROM Discipline WHERE Name = 'Feral'), 5),
    ((SELECT Id FROM Monster WHERE Name = 'Flaming Gallah'), (SELECT Id FROM Discipline WHERE Name = 'Nature'), 1),
    ((SELECT Id FROM Monster WHERE Name = 'Flaming Gallah'), (SELECT Id FROM Discipline WHERE Name = 'Flame'), 4),
    ((SELECT Id FROM Monster WHERE Name = 'Flaming Gallah'), (SELECT Id FROM Discipline WHERE Name = 'Rage'), 1),
    ((SELECT Id FROM Monster WHERE Name = 'Flaming Gallah'), (SELECT Id FROM Discipline WHERE Name = 'Pickpocket'), 3),
    ((SELECT Id FROM Monster WHERE Name = 'One-headed Monkey'), (SELECT Id FROM Discipline WHERE Name = 'Feral'), 3),
    ((SELECT Id FROM Monster WHERE Name = 'One-headed Monkey'), (SELECT Id FROM Discipline WHERE Name = 'Irritable'), 3),
    ((SELECT Id FROM Monster WHERE Name = 'One-headed Monkey'), (SELECT Id FROM Discipline WHERE Name = 'Pickpocket'), 3),
    ((SELECT Id FROM Monster WHERE Name = 'Buccaneer'), (SELECT Id FROM Discipline WHERE Name = 'Rage'), 4),
    ((SELECT Id FROM Monster WHERE Name = 'Buccaneer'), (SELECT Id FROM Discipline WHERE Name = 'Armed'), 2),
    ((SELECT Id FROM Monster WHERE Name = 'Pirate'), (SELECT Id FROM Discipline WHERE Name = 'Rage'), 2),
    ((SELECT Id FROM Monster WHERE Name = 'Pirate'), (SELECT Id FROM Discipline WHERE Name = 'Armed'), 3),
    ((SELECT Id FROM Monster WHERE Name = 'Pirate'), (SELECT Id FROM Discipline WHERE Name = 'Pickpocket'), 1),
    ((SELECT Id FROM Monster WHERE Name = 'Cranky Parrot'), (SELECT Id FROM Discipline WHERE Name = 'Stupidity'), 2),
    ((SELECT Id FROM Monster WHERE Name = 'Cranky Parrot'), (SELECT Id FROM Discipline WHERE Name = 'Feral'), 5),
    ((SELECT Id FROM Monster WHERE Name = 'Cranky Parrot'), (SELECT Id FROM Discipline WHERE Name = 'Nature'), 1),
    ((SELECT Id FROM Monster WHERE Name = 'Cranky Parrot'), (SELECT Id FROM Discipline WHERE Name = 'Pickpocket'), 2),
    ((SELECT Id FROM Monster WHERE Name = 'Leggy Spider'), (SELECT Id FROM Discipline WHERE Name = 'Venom'), 3),
    ((SELECT Id FROM Monster WHERE Name = 'Leggy Spider'), (SELECT Id FROM Discipline WHERE Name = 'Spooky'), 2),
    ((SELECT Id FROM Monster WHERE Name = 'Poisonous Snake'), (SELECT Id FROM Discipline WHERE Name = 'Venom'), 2),
    ((SELECT Id FROM Monster WHERE Name = 'Poisonous Snake'), (SELECT Id FROM Discipline WHERE Name = 'Nature'), 3),
    ((SELECT Id FROM Monster WHERE Name = 'Gunner'), (SELECT Id FROM Discipline WHERE Name = 'Rage'), 2),
    ((SELECT Id FROM Monster WHERE Name = 'Gunner'), (SELECT Id FROM Discipline WHERE Name = 'Burly'), 2),
    ((SELECT Id FROM Monster WHERE Name = 'Gunner'), (SELECT Id FROM Discipline WHERE Name = 'Gunnery'), 4),
    ((SELECT Id FROM Monster WHERE Name = 'Gunner'), (SELECT Id FROM Discipline WHERE Name = 'Armed'), 3),
    ((SELECT Id FROM Monster WHERE Name = 'Sea Monkey'), (SELECT Id FROM Discipline WHERE Name = 'Aquatic'), 3),
    ((SELECT Id FROM Monster WHERE Name = 'Sea Monkey'), (SELECT Id FROM Discipline WHERE Name = 'Feral'), 3),
    ((SELECT Id FROM Monster WHERE Name = 'Sea Monkey'), (SELECT Id FROM Discipline WHERE Name = 'Electrical'), 1),
    ((SELECT Id FROM Monster WHERE Name = 'Sea Monkey'), (SELECT Id FROM Discipline WHERE Name = 'Irritable'), 2),
    ((SELECT Id FROM Monster WHERE Name = 'Sea Monkey'), (SELECT Id FROM Discipline WHERE Name = 'Pickpocket'), 3),
    ((SELECT Id FROM Monster WHERE Name = 'Cabinboy'), (SELECT Id FROM Discipline WHERE Name = 'Stupidity'), 1),
    ((SELECT Id FROM Monster WHERE Name = 'Cabinboy'), (SELECT Id FROM Discipline WHERE Name = 'Irritable'), 3),
    ((SELECT Id FROM Monster WHERE Name = 'Cabinboy'), (SELECT Id FROM Discipline WHERE Name = 'Armed'), 3),
    ((SELECT Id FROM Monster WHERE Name = 'Jungle Warrior'), (SELECT Id FROM Discipline WHERE Name = 'Nature'), 3),
    ((SELECT Id FROM Monster WHERE Name = 'Jungle Warrior'), (SELECT Id FROM Discipline WHERE Name = 'Burly'), 2),
    ((SELECT Id FROM Monster WHERE Name = 'Frenzied Goblin'), (SELECT Id FROM Discipline WHERE Name = 'Rage'), 2),
    ((SELECT Id FROM Monster WHERE Name = 'Frenzied Goblin'), (SELECT Id FROM Discipline WHERE Name = 'Armed'), 2),
    ((SELECT Id FROM Monster WHERE Name = 'Rat Berserker'), (SELECT Id FROM Discipline WHERE Name = 'Rage'), 3),
    ((SELECT Id FROM Monster WHERE Name = 'Rat Berserker'), (SELECT Id FROM Discipline WHERE Name = 'Armed'), 3),
    ((SELECT Id FROM Monster WHERE Name = 'Harpy'), (SELECT Id FROM Discipline WHERE Name = 'Demonic'), 2),
    ((SELECT Id FROM Monster WHERE Name = 'Harpy'), (SELECT Id FROM Discipline WHERE Name = 'Feral'), 3),
    ((SELECT Id FROM Monster WHERE Name = 'Gargoyle'), (SELECT Id FROM Discipline WHERE Name = 'Demonic'), 3),
    ((SELECT Id FROM Monster WHERE Name = 'Gargoyle'), (SELECT Id FROM Discipline WHERE Name = 'Feral'), 3);

INSERT INTO ItemTrait(ItemId, TraitId) VALUES
    ((SELECT Id FROM Item WHERE Name = 'Flintlock'), (SELECT Id FROM Trait WHERE Name = 'Fury')),
    ((SELECT Id FROM Item WHERE Name = 'Seafarers Brace'), (SELECT Id FROM Trait WHERE Name = 'Retribution')),
    ((SELECT Id FROM Item WHERE Name = 'Doom Plate'), (SELECT Id FROM Trait WHERE Name = 'Bulwark')),
    ((SELECT Id FROM Item WHERE Name = 'Horned Helm'), (SELECT Id FROM Trait WHERE Name = 'Fury')),
    ((SELECT Id FROM Item WHERE Name = 'Cutlass'), (SELECT Id FROM Trait WHERE Name = 'Tenacious')),
    ((SELECT Id FROM Item WHERE Name = 'Winged Fury'), (SELECT Id FROM Trait WHERE Name = 'Retribution')),
    ((SELECT Id FROM Item WHERE Name = 'Broadsword'), (SELECT Id FROM Trait WHERE Name = 'Ferocious')),
    ((SELECT Id FROM Item WHERE Name = 'Cleaver'), (SELECT Id FROM Trait WHERE Name = 'Fury')),
    ((SELECT Id FROM Item WHERE Name = 'Bark Vest'), (SELECT Id FROM Trait WHERE Name = 'Tenacious')),
    ((SELECT Id FROM Item WHERE Name = 'Seafarers Brace'), (SELECT Id FROM Trait WHERE Name = 'Retribution')),
    ((SELECT Id FROM Item WHERE Name = 'Doom Plate'), (SELECT Id FROM Trait WHERE Name = 'Bulwark')),
    ((SELECT Id FROM Item WHERE Name = 'Coat of Thorns'), (SELECT Id FROM Trait WHERE Name = 'Spikey')),
    ((SELECT Id FROM Item WHERE Name = 'Long Coat'), (SELECT Id FROM Trait WHERE Name = 'Showoff')),
    ((SELECT Id FROM Item WHERE Name = 'Newspaper Hat'), (SELECT Id FROM Trait WHERE Name = 'Wise')),
    ((SELECT Id FROM Item WHERE Name = 'Horned Helm'), (SELECT Id FROM Trait WHERE Name = 'Fury')),
    ((SELECT Id FROM Item WHERE Name = 'Coral Crown'), (SELECT Id FROM Trait WHERE Name = 'Spikey')),
    ((SELECT Id FROM Item WHERE Name = 'Seaweed'), (SELECT Id FROM Trait WHERE Name = 'Decay')),
    ((SELECT Id FROM Item WHERE Name = 'Wolf Hat'), (SELECT Id FROM Trait WHERE Name = 'Fury')),
    ((SELECT Id FROM Item WHERE Name = 'Winged Fury'), (SELECT Id FROM Trait WHERE Name = 'Retribution')),
    ((SELECT Id FROM Item WHERE Name = 'Wooden Shield'), (SELECT Id FROM Trait WHERE Name = 'Tenacious')),
    ((SELECT Id FROM Item WHERE Name = 'Spyglass'), (SELECT Id FROM Trait WHERE Name = 'Ranged')),
    ((SELECT Id FROM Item WHERE Name = 'Mariners Medallion'), (SELECT Id FROM Trait WHERE Name = 'Blessed')),
    ((SELECT Id FROM Item WHERE Name = 'Sea Charts'), (SELECT Id FROM Trait WHERE Name = 'Wise')),
    ((SELECT Id FROM Item WHERE Name = 'Parrot'), (SELECT Id FROM Trait WHERE Name = 'Spikey')),
    ((SELECT Id FROM Item WHERE Name = 'Spiked Shield'), (SELECT Id FROM Trait WHERE Name = 'Spikey')),
    ((SELECT Id FROM Item WHERE Name = 'Owl Familiar'), (SELECT Id FROM Trait WHERE Name = 'Wise')),
    ((SELECT Id FROM Item WHERE Name = 'Duelling Buckler'), (SELECT Id FROM Trait WHERE Name = 'Tenacious')),
    ((SELECT Id FROM Item WHERE Name = 'Flintlock'), (SELECT Id FROM Trait WHERE Name = 'Fury')),
    ((SELECT Id FROM Item WHERE Name = 'Cursed Bow'), (SELECT Id FROM Trait WHERE Name = 'Decay')),
    ((SELECT Id FROM Item WHERE Name = 'Cursed Bow'), (SELECT Id FROM Trait WHERE Name = 'Ranged')),
    ((SELECT Id FROM Item WHERE Name = 'Mind Staff'), (SELECT Id FROM Trait WHERE Name = 'Wise')),
    ((SELECT Id FROM Item WHERE Name = 'Cleaver'), (SELECT Id FROM Trait WHERE Name = 'Fury')),
    ((SELECT Id FROM Item WHERE Name = 'Cutlass'), (SELECT Id FROM Trait WHERE Name = 'Tenacious')),
    ((SELECT Id FROM Item WHERE Name = 'Broadsword'), (SELECT Id FROM Trait WHERE Name = 'Ferocious')),
    ((SELECT Id FROM Item WHERE Name = 'Ocean Staff'), (SELECT Id FROM Trait WHERE Name = 'Blessed'));

INSERT INTO MonsterTrait(MonsterId,TraitId) VALUES
    ((SELECT Id FROM Monster WHERE Name = 'Gnoll'), (SELECT Id FROM Trait WHERE Name = 'Fury')),
    ((SELECT Id FROM Monster WHERE Name = 'Fire Imp'), (SELECT Id FROM Trait WHERE Name = 'Night Owl')),
    ((SELECT Id FROM Monster WHERE Name = 'Bloodstarved Bat'), (SELECT Id FROM Trait WHERE Name = 'Predictable')),
    ((SELECT Id FROM Monster WHERE Name = 'Poisonous Snake'), (SELECT Id FROM Trait WHERE Name = 'Wandering')),
    ((SELECT Id FROM Monster WHERE Name = 'Oarsman'), (SELECT Id FROM Trait WHERE Name = 'Fury')),
    ((SELECT Id FROM Monster WHERE Name = 'Cranky Parrot'), (SELECT Id FROM Trait WHERE Name = 'Ferocious')),
    ((SELECT Id FROM Monster WHERE Name = 'Pirate'), (SELECT Id FROM Trait WHERE Name = 'Crewmate')),
    ((SELECT Id FROM Monster WHERE Name = 'Pirate'), (SELECT Id FROM Trait WHERE Name = 'Rum')),
    ((SELECT Id FROM Monster WHERE Name = 'Pirate'), (SELECT Id FROM Trait WHERE Name = 'Aggressive')),
    ((SELECT Id FROM Monster WHERE Name = 'Buccaneer'), (SELECT Id FROM Trait WHERE Name = 'Fury')),
    ((SELECT Id FROM Monster WHERE Name = 'Buccaneer'), (SELECT Id FROM Trait WHERE Name = 'Aggressive')),
    ((SELECT Id FROM Monster WHERE Name = 'Buccaneer'), (SELECT Id FROM Trait WHERE Name = 'Crewmate')),
    ((SELECT Id FROM Monster WHERE Name = 'Leggy Spider'), (SELECT Id FROM Trait WHERE Name = 'Frail')),
    ((SELECT Id FROM Monster WHERE Name = 'Jungle Shaman'), (SELECT Id FROM Trait WHERE Name = 'Leader')),
    ((SELECT Id FROM Monster WHERE Name = 'Pixies'), (SELECT Id FROM Trait WHERE Name = 'Thief')),
    ((SELECT Id FROM Monster WHERE Name = 'Pixies'), (SELECT Id FROM Trait WHERE Name = 'Tenacious')),
    ((SELECT Id FROM Monster WHERE Name = 'Dire Scorpion'), (SELECT Id FROM Trait WHERE Name = 'Bulwark')),
    ((SELECT Id FROM Monster WHERE Name = 'Owl Bear'), (SELECT Id FROM Trait WHERE Name = 'Fury')),
    ((SELECT Id FROM Monster WHERE Name = 'Plague Rat'), (SELECT Id FROM Trait WHERE Name = 'Loner')),
    ((SELECT Id FROM Monster WHERE Name = 'Medusa'), (SELECT Id FROM Trait WHERE Name = 'Night Owl')),
    ((SELECT Id FROM Monster WHERE Name = 'Lizardman'), (SELECT Id FROM Trait WHERE Name = 'Night Owl')),
    ((SELECT Id FROM Monster WHERE Name = 'Hilly Gnoll'), (SELECT Id FROM Trait WHERE Name = 'Fury')),
    ((SELECT Id FROM Monster WHERE Name = 'Air Elemental'), (SELECT Id FROM Trait WHERE Name = 'Bulwark')),
    ((SELECT Id FROM Monster WHERE Name = 'Air Elemental'), (SELECT Id FROM Trait WHERE Name = 'Wandering')),
    ((SELECT Id FROM Monster WHERE Name = 'Worm'), (SELECT Id FROM Trait WHERE Name = 'Night Owl')),
    ((SELECT Id FROM Monster WHERE Name = 'Worm'), (SELECT Id FROM Trait WHERE Name = 'Tenacious')),
    ((SELECT Id FROM Monster WHERE Name = 'Flaming Gallah'), (SELECT Id FROM Trait WHERE Name = 'Burn')),
    ((SELECT Id FROM Monster WHERE Name = 'Flaming Gallah'), (SELECT Id FROM Trait WHERE Name = 'Ferocious')),
    ((SELECT Id FROM Monster WHERE Name = 'Cabinboy'), (SELECT Id FROM Trait WHERE Name = 'Mundane')),
    ((SELECT Id FROM Monster WHERE Name = 'Gunner'), (SELECT Id FROM Trait WHERE Name = 'Spikey')),
    ((SELECT Id FROM Monster WHERE Name = 'Gunner'), (SELECT Id FROM Trait WHERE Name = 'Rum')),
    ((SELECT Id FROM Monster WHERE Name = 'Worm'), (SELECT Id FROM Trait WHERE Name = 'Tenacious')),
    ((SELECT Id FROM Monster WHERE Name = 'Worm'), (SELECT Id FROM Trait WHERE Name = 'Night Owl')),
    ((SELECT Id FROM Monster WHERE Name = 'Jungle Warrior'), (SELECT Id FROM Trait WHERE Name = 'Leader')),
    ((SELECT Id FROM Monster WHERE Name = 'Frenzied Goblin'), (SELECT Id FROM Trait WHERE Name = 'Fury')),
    ((SELECT Id FROM Monster WHERE Name = 'Frenzied Goblin'), (SELECT Id FROM Trait WHERE Name = 'Aggressive')),
    ((SELECT Id FROM Monster WHERE Name = 'Rat Berserker'), (SELECT Id FROM Trait WHERE Name = 'Sluggish')),
    ((SELECT Id FROM Monster WHERE Name = 'Ogre'), (SELECT Id FROM Trait WHERE Name = 'Sleepy')),
    ((SELECT Id FROM Monster WHERE Name = 'Ogre'), (SELECT Id FROM Trait WHERE Name = 'Predictable'));

INSERT INTO DungeoneerTrait(DungeoneerId, TraitId) VALUES
    ((SELECT Id FROM Dungeoneer WHERE Name = 'Ranger'), (SELECT Id FROM Trait WHERE Name = 'Ranged')),
    ((SELECT Id FROM Dungeoneer WHERE Name = 'Cat Burgler'), (SELECT Id FROM Trait WHERE Name = 'Covetous')),
    ((SELECT Id FROM Dungeoneer WHERE Name = 'Apprentice'), (SELECT Id FROM Trait WHERE Name = 'Talented')),
    ((SELECT Id FROM Dungeoneer WHERE Name = 'Shapeshifter'), (SELECT Id FROM Trait WHERE Name = 'Wild')),
    ((SELECT Id FROM Dungeoneer WHERE Name = 'Bruiser'), (SELECT Id FROM Trait WHERE Name = 'Spikey'));

INSERT INTO ItemDiscipline(ItemId, DisciplineId, Level) VALUES
    ((SELECT Id FROM Item WHERE Name = 'Barrel'), (SELECT Id FROM Discipline WHERE Name = 'Stupidity'), 1),
    ((SELECT Id FROM Item WHERE Name = 'Ruffled Shirt'), (SELECT Id FROM Discipline WHERE Name = 'Swift'), 1),
    ((SELECT Id FROM Item WHERE Name = 'Tattered Mail'), (SELECT Id FROM Discipline WHERE Name = 'Armour'), 1),
    ((SELECT Id FROM Item WHERE Name = 'Tattered Mail'), (SELECT Id FROM Discipline WHERE Name = 'Stupidity'), 1),
    ((SELECT Id FROM Item WHERE Name = 'Shimmering Cloak'), (SELECT Id FROM Discipline WHERE Name = 'Arcane'), 1),
    ((SELECT Id FROM Item WHERE Name = 'Shimmering Cloak'), (SELECT Id FROM Discipline WHERE Name = 'Fire'), 1),
    ((SELECT Id FROM Item WHERE Name = 'Red Mail'), (SELECT Id FROM Discipline WHERE Name = 'Armour'), 1),
    ((SELECT Id FROM Item WHERE Name = 'Bone Armour'), (SELECT Id FROM Discipline WHERE Name = 'Arcane'), 1),
    ((SELECT Id FROM Item WHERE Name = 'Sash'), (SELECT Id FROM Discipline WHERE Name = 'Swift'), 1),
    ((SELECT Id FROM Item WHERE Name = 'Sash'), (SELECT Id FROM Discipline WHERE Name = 'Growth'), 1),
    ((SELECT Id FROM Item WHERE Name = 'Mage Robes'), (SELECT Id FROM Discipline WHERE Name = 'Fire'), 1),
    ((SELECT Id FROM Item WHERE Name = 'Mage Robes'), (SELECT Id FROM Discipline WHERE Name = 'Arcane'), 1),
    ((SELECT Id FROM Item WHERE Name = 'Mage Robes'), (SELECT Id FROM Discipline WHERE Name = 'Holy'), 1),
    ((SELECT Id FROM Item WHERE Name = 'Corset'), (SELECT Id FROM Discipline WHERE Name = 'Armour'), 1),
    ((SELECT Id FROM Item WHERE Name = 'Corset'), (SELECT Id FROM Discipline WHERE Name = 'Growth'), 1),
    ((SELECT Id FROM Item WHERE Name = 'Wolf Pelt'), (SELECT Id FROM Discipline WHERE Name = 'Growth'), 2),
    ((SELECT Id FROM Item WHERE Name = 'Scale Mail'), (SELECT Id FROM Discipline WHERE Name = 'Armour'), 1),
    ((SELECT Id FROM Item WHERE Name = 'Bark Vest'), (SELECT Id FROM Discipline WHERE Name = 'Growth'), 1),
    ((SELECT Id FROM Item WHERE Name = 'Bark Vest'), (SELECT Id FROM Discipline WHERE Name = 'Stupidity'), 1),
    ((SELECT Id FROM Item WHERE Name = 'Fish Scale Cowl'), (SELECT Id FROM Discipline WHERE Name = 'Arcane'), 1),
    ((SELECT Id FROM Item WHERE Name = 'Seafarers Brace'), (SELECT Id FROM Discipline WHERE Name = 'Armour'), 1),
    ((SELECT Id FROM Item WHERE Name = 'Seafarers Brace'), (SELECT Id FROM Discipline WHERE Name = 'Arcane'), 1),
    ((SELECT Id FROM Item WHERE Name = 'Doom Plate'), (SELECT Id FROM Discipline WHERE Name = 'Armour'), 1),
    ((SELECT Id FROM Item WHERE Name = 'Padded Vest'), (SELECT Id FROM Discipline WHERE Name = 'Arcane'), 2),
    ((SELECT Id FROM Item WHERE Name = 'Padded Vest'), (SELECT Id FROM Discipline WHERE Name = 'Armour'), 1),
    ((SELECT Id FROM Item WHERE Name = 'Dragon Scale'), (SELECT Id FROM Discipline WHERE Name = 'Armour'), 3),
    ((SELECT Id FROM Item WHERE Name = 'Dragon Scale'), (SELECT Id FROM Discipline WHERE Name = 'Fire'), 2),
    ((SELECT Id FROM Item WHERE Name = 'Coat of Thorns'), (SELECT Id FROM Discipline WHERE Name = 'Armour'), 2),
    ((SELECT Id FROM Item WHERE Name = 'Coat of Thorns'), (SELECT Id FROM Discipline WHERE Name = 'Growth'), 1),
    ((SELECT Id FROM Item WHERE Name = 'Long Coat'), (SELECT Id FROM Discipline WHERE Name = 'Swift'), 2),
    ((SELECT Id FROM Item WHERE Name = 'Pigeon Nest'), (SELECT Id FROM Discipline WHERE Name = 'Growth'), 1),
    ((SELECT Id FROM Item WHERE Name = 'Paper Crown'), (SELECT Id FROM Discipline WHERE Name = 'Holy'), 1),
    ((SELECT Id FROM Item WHERE Name = 'Newspaper Hat'), (SELECT Id FROM Discipline WHERE Name = 'Stupidity'), 1),
    ((SELECT Id FROM Item WHERE Name = 'Sparkly Headband'), (SELECT Id FROM Discipline WHERE Name = 'Fire'), 1),
    ((SELECT Id FROM Item WHERE Name = 'Sparkly Headband'), (SELECT Id FROM Discipline WHERE Name = 'Holy'), 1),
    ((SELECT Id FROM Item WHERE Name = 'Cooking Pot'), (SELECT Id FROM Discipline WHERE Name = 'Fire'), 1),
    ((SELECT Id FROM Item WHERE Name = 'Cooking Pot'), (SELECT Id FROM Discipline WHERE Name = 'Crush'), 1),
    ((SELECT Id FROM Item WHERE Name = 'Mail Coif'), (SELECT Id FROM Discipline WHERE Name = 'Stupidity'), 2),
    ((SELECT Id FROM Item WHERE Name = 'Bone Helmet'), (SELECT Id FROM Discipline WHERE Name = 'Arcane'), 2),
    ((SELECT Id FROM Item WHERE Name = 'Feathered Cap'), (SELECT Id FROM Discipline WHERE Name = 'Growth'), 2),
    ((SELECT Id FROM Item WHERE Name = 'Bandana'), (SELECT Id FROM Discipline WHERE Name = 'Armour'), 1),
    ((SELECT Id FROM Item WHERE Name = 'Bandana'), (SELECT Id FROM Discipline WHERE Name = 'Swift'), 1),
    ((SELECT Id FROM Item WHERE Name = 'Skull Cap'), (SELECT Id FROM Discipline WHERE Name = 'Armour'), 2),
    ((SELECT Id FROM Item WHERE Name = 'Daisy Chain'), (SELECT Id FROM Discipline WHERE Name = 'Growth'), 1),
    ((SELECT Id FROM Item WHERE Name = 'Tricorne'), (SELECT Id FROM Discipline WHERE Name = 'Blade'), 2),
    ((SELECT Id FROM Item WHERE Name = 'Masquerade Mask'), (SELECT Id FROM Discipline WHERE Name = 'Arcane'), 1),
    ((SELECT Id FROM Item WHERE Name = 'Masquerade Mask'), (SELECT Id FROM Discipline WHERE Name = 'Holy'), 2),
    ((SELECT Id FROM Item WHERE Name = 'Spiky Hat'), (SELECT Id FROM Discipline WHERE Name = 'Blade'), 2),
    ((SELECT Id FROM Item WHERE Name = 'Spiky Hat'), (SELECT Id FROM Discipline WHERE Name = 'Armour'), 1),
    ((SELECT Id FROM Item WHERE Name = 'Fez'), (SELECT Id FROM Discipline WHERE Name = 'Arcane'), 2),
    ((SELECT Id FROM Item WHERE Name = 'Cultist Hood'), (SELECT Id FROM Discipline WHERE Name = 'Holy'), 2),
    ((SELECT Id FROM Item WHERE Name = 'Cultist Hood'), (SELECT Id FROM Discipline WHERE Name = 'Fire'), 1),
    ((SELECT Id FROM Item WHERE Name = 'Eyepatch'), (SELECT Id FROM Discipline WHERE Name = 'Swift'), 2),
    ((SELECT Id FROM Item WHERE Name = 'Horned Helm'), (SELECT Id FROM Discipline WHERE Name = 'Blade'), 1),
    ((SELECT Id FROM Item WHERE Name = 'Cavaliers Hat'), (SELECT Id FROM Discipline WHERE Name = 'Blade'), 1),
    ((SELECT Id FROM Item WHERE Name = 'Cavaliers Hat'), (SELECT Id FROM Discipline WHERE Name = 'Swift'), 2),
    ((SELECT Id FROM Item WHERE Name = 'Seaweed'), (SELECT Id FROM Discipline WHERE Name = 'Armour'), 2),
    ((SELECT Id FROM Item WHERE Name = 'Seaweed'), (SELECT Id FROM Discipline WHERE Name = 'Growth'), 2),
    ((SELECT Id FROM Item WHERE Name = 'Voodoo Mask'), (SELECT Id FROM Discipline WHERE Name = 'Holy'), 2),
    ((SELECT Id FROM Item WHERE Name = 'Winged Fury'), (SELECT Id FROM Discipline WHERE Name = 'Holy'), 1),
    ((SELECT Id FROM Item WHERE Name = 'Wooden Stool'), (SELECT Id FROM Discipline WHERE Name = 'Crush'), 1),
    ((SELECT Id FROM Item WHERE Name = 'Wooden Stool'), (SELECT Id FROM Discipline WHERE Name = 'Stupidity'), 1),
    ((SELECT Id FROM Item WHERE Name = 'Wooden Stool'), (SELECT Id FROM Discipline WHERE Name = 'Armour'), 1),
    ((SELECT Id FROM Item WHERE Name = 'Wooden Board'), (SELECT Id FROM Discipline WHERE Name = 'Armour'), 1),
    ((SELECT Id FROM Item WHERE Name = 'Cuppa'), (SELECT Id FROM Discipline WHERE Name = 'Fire'), 1),
    ((SELECT Id FROM Item WHERE Name = 'Glyph'), (SELECT Id FROM Discipline WHERE Name = 'Arcane'), 1),
    ((SELECT Id FROM Item WHERE Name = 'Glyph'), (SELECT Id FROM Discipline WHERE Name = 'Holy'), 1),
    ((SELECT Id FROM Item WHERE Name = 'Hook'), (SELECT Id FROM Discipline WHERE Name = 'Blade'), 1),
    ((SELECT Id FROM Item WHERE Name = 'Hook'), (SELECT Id FROM Discipline WHERE Name = 'Swift'), 1),
    ((SELECT Id FROM Item WHERE Name = 'Wooden Shield'), (SELECT Id FROM Discipline WHERE Name = 'Armour'), 1),
    ((SELECT Id FROM Item WHERE Name = 'War Horn'), (SELECT Id FROM Discipline WHERE Name = 'Holy'), 1),
    ((SELECT Id FROM Item WHERE Name = 'War Horn'), (SELECT Id FROM Discipline WHERE Name = 'Growth'), 1),
    ((SELECT Id FROM Item WHERE Name = 'War Horn'), (SELECT Id FROM Discipline WHERE Name = 'Fire'), 1),
    ((SELECT Id FROM Item WHERE Name = 'Leather-bound Tome'), (SELECT Id FROM Discipline WHERE Name = 'Arcane'), 1),
    ((SELECT Id FROM Item WHERE Name = 'Leather-bound Tome'), (SELECT Id FROM Discipline WHERE Name = 'Fire'), 1),
    ((SELECT Id FROM Item WHERE Name = 'Heater Shield'), (SELECT Id FROM Discipline WHERE Name = 'Fire'), 2),
    ((SELECT Id FROM Item WHERE Name = 'Conch'), (SELECT Id FROM Discipline WHERE Name = 'Arcane'), 3),
    ((SELECT Id FROM Item WHERE Name = 'Conch'), (SELECT Id FROM Discipline WHERE Name = 'Stupidity'), 1),
    ((SELECT Id FROM Item WHERE Name = 'Mariners Medallion'), (SELECT Id FROM Discipline WHERE Name = 'Holy'), 1),
    ((SELECT Id FROM Item WHERE Name = 'Eyeball Charm'), (SELECT Id FROM Discipline WHERE Name = 'Fire'), 1),
    ((SELECT Id FROM Item WHERE Name = 'Sea Charts'), (SELECT Id FROM Discipline WHERE Name = 'Growth'), 1),
    ((SELECT Id FROM Item WHERE Name = 'Scroll of Souls'), (SELECT Id FROM Discipline WHERE Name = 'Holy'), 2),
    ((SELECT Id FROM Item WHERE Name = 'Scroll of Souls'), (SELECT Id FROM Discipline WHERE Name = 'Arcane'), 2),
    ((SELECT Id FROM Item WHERE Name = 'Scroll of Souls'), (SELECT Id FROM Discipline WHERE Name = 'Stupidity'), 1),
    ((SELECT Id FROM Item WHERE Name = 'Parrot'), (SELECT Id FROM Discipline WHERE Name = 'Crush'), 1),
    ((SELECT Id FROM Item WHERE Name = 'Parrot'), (SELECT Id FROM Discipline WHERE Name = 'Growth'), 1),
    ((SELECT Id FROM Item WHERE Name = 'Spiked Shield'), (SELECT Id FROM Discipline WHERE Name = 'Armour'), 1),
    ((SELECT Id FROM Item WHERE Name = 'Spiked Shield'), (SELECT Id FROM Discipline WHERE Name = 'Blade'), 2),
    ((SELECT Id FROM Item WHERE Name = 'Owl Familiar'), (SELECT Id FROM Discipline WHERE Name = 'Holy'), 2),
    ((SELECT Id FROM Item WHERE Name = 'Net'), (SELECT Id FROM Discipline WHERE Name = 'Stupidity'), 1),
    ((SELECT Id FROM Item WHERE Name = 'Net'), (SELECT Id FROM Discipline WHERE Name = 'Swift'), 3),
    ((SELECT Id FROM Item WHERE Name = 'Rum Barrel'), (SELECT Id FROM Discipline WHERE Name = 'Armour'), 1),
    ((SELECT Id FROM Item WHERE Name = 'Rum Barrel'), (SELECT Id FROM Discipline WHERE Name = 'Arcane'), 1),
    ((SELECT Id FROM Item WHERE Name = 'Duelling Buckler'), (SELECT Id FROM Discipline WHERE Name = 'Armour'), 2),
    ((SELECT Id FROM Item WHERE Name = 'Duelling Buckler'), (SELECT Id FROM Discipline WHERE Name = 'Swift'), 1),
    ((SELECT Id FROM Item WHERE Name = 'Twig'), (SELECT Id FROM Discipline WHERE Name = 'Crush'), 1),
    ((SELECT Id FROM Item WHERE Name = 'Fork'), (SELECT Id FROM Discipline WHERE Name = 'Blade'), 1),
    ((SELECT Id FROM Item WHERE Name = 'Stiletto'), (SELECT Id FROM Discipline WHERE Name = 'Blade'), 1),
    ((SELECT Id FROM Item WHERE Name = 'Stiletto'), (SELECT Id FROM Discipline WHERE Name = 'Swift'), 1),
    ((SELECT Id FROM Item WHERE Name = 'Club'), (SELECT Id FROM Discipline WHERE Name = 'Crush'), 1),
    ((SELECT Id FROM Item WHERE Name = 'Club'), (SELECT Id FROM Discipline WHERE Name = 'Growth'), 1),
    ((SELECT Id FROM Item WHERE Name = 'Anchor'), (SELECT Id FROM Discipline WHERE Name = 'Crush'), 2),
    ((SELECT Id FROM Item WHERE Name = 'Spear'), (SELECT Id FROM Discipline WHERE Name = 'Swift'), 2),
    ((SELECT Id FROM Item WHERE Name = 'Sword'), (SELECT Id FROM Discipline WHERE Name = 'Blade'), 2),
    ((SELECT Id FROM Item WHERE Name = 'Broken Bottle'), (SELECT Id FROM Discipline WHERE Name = 'Blade'), 1),
    ((SELECT Id FROM Item WHERE Name = 'Broken Bottle'), (SELECT Id FROM Discipline WHERE Name = 'Growth'), 1),
    ((SELECT Id FROM Item WHERE Name = 'Broken Bottle'), (SELECT Id FROM Discipline WHERE Name = 'Swift'), 1),
    ((SELECT Id FROM Item WHERE Name = 'Troll Femur'), (SELECT Id FROM Discipline WHERE Name = 'Stupidity'), 1),
    ((SELECT Id FROM Item WHERE Name = 'Troll Femur'), (SELECT Id FROM Discipline WHERE Name = 'Crush'), 2),
    ((SELECT Id FROM Item WHERE Name = 'Troll Femur'), (SELECT Id FROM Discipline WHERE Name = 'Growth'), 1),
    ((SELECT Id FROM Item WHERE Name = 'Hand-axe'), (SELECT Id FROM Discipline WHERE Name = 'Blade'), 1),
    ((SELECT Id FROM Item WHERE Name = 'Hand-axe'), (SELECT Id FROM Discipline WHERE Name = 'Crush'), 1),
    ((SELECT Id FROM Item WHERE Name = 'Arcane Wand'), (SELECT Id FROM Discipline WHERE Name = 'Arcane'), 1),
    ((SELECT Id FROM Item WHERE Name = 'Arcane Wand'), (SELECT Id FROM Discipline WHERE Name = 'Growth'), 1),
    ((SELECT Id FROM Item WHERE Name = 'Scimitar'), (SELECT Id FROM Discipline WHERE Name = 'Blade'), 2),
    ((SELECT Id FROM Item WHERE Name = 'Crossbow'), (SELECT Id FROM Discipline WHERE Name = 'Swift'), 2),
    ((SELECT Id FROM Item WHERE Name = 'Winged Staff'), (SELECT Id FROM Discipline WHERE Name = 'Arcane'), 1),
    ((SELECT Id FROM Item WHERE Name = 'Winged Staff'), (SELECT Id FROM Discipline WHERE Name = 'Holy'), 2),
    ((SELECT Id FROM Item WHERE Name = 'Mace'), (SELECT Id FROM Discipline WHERE Name = 'Blade'), 1),
    ((SELECT Id FROM Item WHERE Name = 'Mace'), (SELECT Id FROM Discipline WHERE Name = 'Crush'), 2),
    ((SELECT Id FROM Item WHERE Name = 'Flintlock'), (SELECT Id FROM Discipline WHERE Name = 'Fire'), 2),
    ((SELECT Id FROM Item WHERE Name = 'Brass Knuckles'), (SELECT Id FROM Discipline WHERE Name = 'Crush'), 2),
    ((SELECT Id FROM Item WHERE Name = 'Demon Claw'), (SELECT Id FROM Discipline WHERE Name = 'Blade'), 2),
    ((SELECT Id FROM Item WHERE Name = 'Grenade'), (SELECT Id FROM Discipline WHERE Name = 'Fire'), 2),
    ((SELECT Id FROM Item WHERE Name = 'Cursed Bow'), (SELECT Id FROM Discipline WHERE Name = 'Swift'), 2),
    ((SELECT Id FROM Item WHERE Name = 'Mind Staff'), (SELECT Id FROM Discipline WHERE Name = 'Arcane'), 1),
    ((SELECT Id FROM Item WHERE Name = 'Mind Staff'), (SELECT Id FROM Discipline WHERE Name = 'Fire'), 1),
    ((SELECT Id FROM Item WHERE Name = 'Cleaver'), (SELECT Id FROM Discipline WHERE Name = 'Stupidity'), 1),
    ((SELECT Id FROM Item WHERE Name = 'Cleaver'), (SELECT Id FROM Discipline WHERE Name = 'Blade'), 1),
    ((SELECT Id FROM Item WHERE Name = 'Gnarled Oak'), (SELECT Id FROM Discipline WHERE Name = 'Growth'), 2),
    ((SELECT Id FROM Item WHERE Name = 'Gnarled Oak'), (SELECT Id FROM Discipline WHERE Name = 'Holy'), 1),
    ((SELECT Id FROM Item WHERE Name = 'Cutlass'), (SELECT Id FROM Discipline WHERE Name = 'Blade'), 2),
    ((SELECT Id FROM Item WHERE Name = 'Broadsword'), (SELECT Id FROM Discipline WHERE Name = 'Crush'), 1),
    ((SELECT Id FROM Item WHERE Name = 'Trident'), (SELECT Id FROM Discipline WHERE Name = 'Blade'), 3),
    ((SELECT Id FROM Item WHERE Name = 'Ocean Staff'), (SELECT Id FROM Discipline WHERE Name = 'Holy'), 2),
    ((SELECT Id FROM Item WHERE Name = 'Battle Axe'), (SELECT Id FROM Discipline WHERE Name = 'Blade'), 3),
    ((SELECT Id FROM Item WHERE Name = 'Battle Axe'), (SELECT Id FROM Discipline WHERE Name = 'Crush'), 2)
    ((SELECT Id FROM Item WHERE Name = 'Sword of the Sea'), (SELECT Id FROM Discipline WHERE Name = 'Growth'), 3),
    ((SELECT Id FROM Item WHERE Name = 'Sword of the Sea'), (SELECT Id FROM Discipline WHERE Name = 'Blade'), 2);

INSERT INTO Card(Name) VALUES
    ('Camouflage'),
    ('Pierce'),
    ('Steelhead arrow'),
    ('Thrash'),
    ('Drain'),
    ('Wooden Arrow'),
    ('Spook'),
    ('Flame Arrow'),
    ('Lunge'),
    ('Venomous Bite'),
    ('Spider Bite'),
    ('Uhh...'),
    ('Acid Spit'),
    ('Restore'),
    ('Neurotoxin'),
    ('Claw'),
    ('Yoink!'),
    ('Bite'),
    ('Headbutt'),
    ('Parry'),
    ('Head blow'),
    ('Spray'),
    ('Ransack'),
    ('Anger'),
    ('Charge'),
    ('Savage'),
    ('Strike'),
    ('Maul'),
    ('Dark Strike'),
    ('Fiery Weapon'),
    ('Black Strike'),
    ('Spark'),
    ('Chaos'),
    ('Torment'),
    ('Sweeping Blast'),
    ('Pummel'),
    ('Beat'),
    ('Cower'),
    ('Lucky Hit'),
    ('Eyes Closed Punch'),
    ('Imaginary Cannon'),
    ('Imaginary Box'),
    ('Bull-horns'),
    ('Stage-presence'),
    ('Copycat'),
    ('Intuition'),
    ('Fire Shield'),
    ('Zap'),
    ('Sparks'),
    ('Barkskin'),
    ('Aspect of the Dragon'),
    ('Aspect of the Bull'),
    ('Aspect of the Panther'),
    ('Regenerate'),
    ('You tryin something?'),
    ('Nice try, chump'),
    ('Get outta here'),
    ('How do you like this?'),
    ('Oi!'),
    ('Spark'),
    ('Spray'),
    ('Parry'),
    ('Plunder');

INSERT INTO Effect(Name,Description) VALUES
    ('Physical Damage'),
    ('Magic Damage'),
    ('Quick'),
    ('Unblockable'),
    ('Physical Block'),
    ('Magic Block'),
    ('Wild Block'),
    ('Steal'),
    ('Conceal'),
    ('Clone'),
    ('Discard'),
    ('Add Heart'),
    ('Add Physical Damage to Next Physical Attack'),
    ('Add Magic Damage to Next Physical Attack'),
    ('Swap'),
    ('Draw');

INSERT INTO CardEffect (CardId,EffectId,Quantity,NeedsSuccess) VALUES

INSERT INTO DisciplineCard(DisciplineId,CardId,Level) VALUES
    ((SELECT Id FROM Discipline WHERE Name = 'Burly'), (SELECT Id FROM Card WHERE Name = 'Beat'), 1),
    ((SELECT Id FROM Discipline WHERE Name = 'Burly'), (SELECT Id FROM Card WHERE Name = 'Pummel'), 2),
    ((SELECT Id FROM Discipline WHERE Name = 'Demonic'), (SELECT Id FROM Card WHERE Name = 'Sweeping Blast'), 1),
    ((SELECT Id FROM Discipline WHERE Name = 'Feral'), (SELECT Id FROM Card WHERE Name = 'Bite'), 1),
    ((SELECT Id FROM Discipline WHERE Name = 'Feral'), (SELECT Id FROM Card WHERE Name = 'Bite'), 2),
    ((SELECT Id FROM Discipline WHERE Name = 'Feral'), (SELECT Id FROM Card WHERE Name = 'Charge'), 3),
    ((SELECT Id FROM Discipline WHERE Name = 'Feral'), (SELECT Id FROM Card WHERE Name = 'Charge'), 4),
    ((SELECT Id FROM Discipline WHERE Name = 'Nature'), (SELECT Id FROM Card WHERE Name = 'Claw'), 1),
    ((SELECT Id FROM Discipline WHERE Name = 'Nature'), (SELECT Id FROM Card WHERE Name = 'Neurotoxin'), 2),
    ((SELECT Id FROM Discipline WHERE Name = 'Nature'), (SELECT Id FROM Card WHERE Name = 'Restore'), 3),
    ((SELECT Id FROM Discipline WHERE Name = 'Rage'), (SELECT Id FROM Card WHERE Name = 'Lunge'), 1),
    ((SELECT Id FROM Discipline WHERE Name = 'Rage'), (SELECT Id FROM Card WHERE Name = 'Thrash'), 2),
    ((SELECT Id FROM Discipline WHERE Name = 'Rage'), (SELECT Id FROM Card WHERE Name = 'Maul'), 4),
    ((SELECT Id FROM Discipline WHERE Name = 'Sorcery'), (SELECT Id FROM Card WHERE Name = 'Dark Strike'), 1),
    ((SELECT Id FROM Discipline WHERE Name = 'Stupidity'), (SELECT Id FROM Card WHERE Name = 'Uhh...'), 1),
    ((SELECT Id FROM Discipline WHERE Name = 'Stupidity'), (SELECT Id FROM Card WHERE Name = 'Uhh...'), 2),
    ((SELECT Id FROM Discipline WHERE Name = 'Stupidity'), (SELECT Id FROM Card WHERE Name = 'Uhh...'), 3),
    ((SELECT Id FROM Discipline WHERE Name = 'Stupidity'), (SELECT Id FROM Card WHERE Name = 'Uhh...'), 4),
    ((SELECT Id FROM Discipline WHERE Name = 'Venom'), (SELECT Id FROM Card WHERE Name = 'Spider Bite'), 1),
    ((SELECT Id FROM Discipline WHERE Name = 'Venom'), (SELECT Id FROM Card WHERE Name = 'Venomous Bite'), 2),
    ((SELECT Id FROM Discipline WHERE Name = 'Venom'), (SELECT Id FROM Card WHERE Name = 'Acid Spit'), 3),
    ((SELECT Id FROM Discipline WHERE Name = 'Pickpocket'), (SELECT Id FROM Card WHERE Name = 'Yoink!'), 1),
    ((SELECT Id FROM Discipline WHERE Name = 'Pickpocket'), (SELECT Id FROM Card WHERE Name = 'Ransack'), 2),
    ((SELECT Id FROM Discipline WHERE Name = 'Irritable'), (SELECT Id FROM Card WHERE Name = 'Anger'), 1),
    ((SELECT Id FROM Discipline WHERE Name = 'Irritable'), (SELECT Id FROM Card WHERE Name = 'Headbutt'), 3),
    ((SELECT Id FROM Discipline WHERE Name = 'Armed'), (SELECT Id FROM Card WHERE Name = 'Head blow'), 2),
    ((SELECT Id FROM Discipline WHERE Name = 'Armed'), (SELECT Id FROM Card WHERE Name = 'Parry'), 3),
    ((SELECT Id FROM Discipline WHERE Name = 'Armed'), (SELECT Id FROM Card WHERE Name = 'Strike'), 1),
    ((SELECT Id FROM Discipline WHERE Name = 'Flame'), (SELECT Id FROM Card WHERE Name = 'Fiery Weapon'), 3),
    ((SELECT Id FROM Discipline WHERE Name = 'Sorcery'), (SELECT Id FROM Card WHERE Name = 'Dark Strike'), 1),
    ((SELECT Id FROM Discipline WHERE Name = 'Sorcery'), (SELECT Id FROM Card WHERE Name = 'Black Strike'), 3),
    ((SELECT Id FROM Discipline WHERE Name = 'Pickpocket'), (SELECT Id FROM Card WHERE Name = 'Plunder'), 3),
    ((SELECT Id FROM Discipline WHERE Name = 'Spooky'), (SELECT Id FROM Card WHERE Name = 'Spook'), 1),
    ((SELECT Id FROM Discipline WHERE Name = 'Fire'), (SELECT Id FROM Card WHERE Name = 'Fireblast'), 1),
    ((SELECT Id FROM Discipline WHERE Name = 'Fire'), (SELECT Id FROM Card WHERE Name = 'Flameslash'), 2),
    ((SELECT Id FROM Discipline WHERE Name = 'Fire'), (SELECT Id FROM Card WHERE Name = 'Ignite'), 3),
    ((SELECT Id FROM Discipline WHERE Name = 'Fire'), (SELECT Id FROM Card WHERE Name = 'Firestorm'), 4),
    ((SELECT Id FROM Discipline WHERE Name = 'Swift'), (SELECT Id FROM Card WHERE Name = 'Shift'), 1),
    ((SELECT Id FROM Discipline WHERE Name = 'Swift'), (SELECT Id FROM Card WHERE Name = 'Interrupt'), 2),
    ((SELECT Id FROM Discipline WHERE Name = 'Swift'), (SELECT Id FROM Card WHERE Name = 'Fleet-footed'), 3),
    ((SELECT Id FROM Discipline WHERE Name = 'Swift'), (SELECT Id FROM Card WHERE Name = 'Haste'), 4),
    ((SELECT Id FROM Discipline WHERE Name = 'Holy'), (SELECT Id FROM Card WHERE Name = 'Holy Seal'), 1),
    ((SELECT Id FROM Discipline WHERE Name = 'Holy'), (SELECT Id FROM Card WHERE Name = 'Smite'), 2),
    ((SELECT Id FROM Discipline WHERE Name = 'Holy'), (SELECT Id FROM Card WHERE Name = 'Blinding Light'), 3),
    ((SELECT Id FROM Discipline WHERE Name = 'Holy'), (SELECT Id FROM Card WHERE Name = 'Divine Shield'), 4),
    ((SELECT Id FROM Discipline WHERE Name = 'Arcane'), (SELECT Id FROM Card WHERE Name = 'Mind Strike'), 1),
    ((SELECT Id FROM Discipline WHERE Name = 'Arcane'), (SELECT Id FROM Card WHERE Name = 'Focus'), 2),
    ((SELECT Id FROM Discipline WHERE Name = 'Arcane'), (SELECT Id FROM Card WHERE Name = 'Arcane Barrage'), 3),
    ((SELECT Id FROM Discipline WHERE Name = 'Arcane'), (SELECT Id FROM Card WHERE Name = 'Cerebrate'), 4),
    ((SELECT Id FROM Discipline WHERE Name = 'Growth'), (SELECT Id FROM Card WHERE Name = 'Rekindle'), 1),
    ((SELECT Id FROM Discipline WHERE Name = 'Growth'), (SELECT Id FROM Card WHERE Name = 'Restore'), 2),
    ((SELECT Id FROM Discipline WHERE Name = 'Growth'), (SELECT Id FROM Card WHERE Name = 'Refresh'), 3),
    ((SELECT Id FROM Discipline WHERE Name = 'Growth'), (SELECT Id FROM Card WHERE Name = 'Rejuvenate'), 4),
    ((SELECT Id FROM Discipline WHERE Name = 'Crush'), (SELECT Id FROM Card WHERE Name = 'Bash'), 1),
    ((SELECT Id FROM Discipline WHERE Name = 'Crush'), (SELECT Id FROM Card WHERE Name = 'Slam'), 2),
    ((SELECT Id FROM Discipline WHERE Name = 'Crush'), (SELECT Id FROM Card WHERE Name = 'Smash'), 3),
    ((SELECT Id FROM Discipline WHERE Name = 'Crush'), (SELECT Id FROM Card WHERE Name = 'Demolish'), 4),
    ((SELECT Id FROM Discipline WHERE Name = 'Blade'), (SELECT Id FROM Card WHERE Name = 'Slice'), 1),
    ((SELECT Id FROM Discipline WHERE Name = 'Blade'), (SELECT Id FROM Card WHERE Name = 'Dice'), 2),
    ((SELECT Id FROM Discipline WHERE Name = 'Blade'), (SELECT Id FROM Card WHERE Name = 'Eviscerate'), 3),
    ((SELECT Id FROM Discipline WHERE Name = 'Blade'), (SELECT Id FROM Card WHERE Name = 'Bleed'), 4),
    ((SELECT Id FROM Discipline WHERE Name = 'Armour'), (SELECT Id FROM Card WHERE Name = 'Repel'), 1),
    ((SELECT Id FROM Discipline WHERE Name = 'Armour'), (SELECT Id FROM Card WHERE Name = 'Counter'), 2),
    ((SELECT Id FROM Discipline WHERE Name = 'Armour'), (SELECT Id FROM Card WHERE Name = 'Brace'), 3),
    ((SELECT Id FROM Discipline WHERE Name = 'Armour'), (SELECT Id FROM Card WHERE Name = 'Shield Wall'), 4);

INSERT INTO DungeoneerCard(DungeoneerId,CardId,Quantity) VALUES
    ((SELECT Id FROM Dungeoneer WHERE Name = 'Ranger'), (SELECT Id FROM Card WHERE Name = 'Camouflage'), 2),
    ((SELECT Id FROM Dungeoneer WHERE Name = 'Ranger'), (SELECT Id FROM Card WHERE Name = 'Pierce'), 1),
    ((SELECT Id FROM Dungeoneer WHERE Name = 'Ranger'), (SELECT Id FROM Card WHERE Name = 'Steelhead arrow'), 1),
    ((SELECT Id FROM Dungeoneer WHERE Name = 'Ranger'), (SELECT Id FROM Card WHERE Name = 'Wooden Arrow'), 1),
    ((SELECT Id FROM Dungeoneer WHERE Name = 'Ranger'), (SELECT Id FROM Card WHERE Name = 'Flame Arrow'), 1),
    ((SELECT Id FROM Dungeoneer WHERE Name = 'Chump'), (SELECT Id FROM Card WHERE Name = 'Cower'), 2),
    ((SELECT Id FROM Dungeoneer WHERE Name = 'Chump'), (SELECT Id FROM Card WHERE Name = 'Lucky Hit'), 1),
    ((SELECT Id FROM Dungeoneer WHERE Name = 'Chump'), (SELECT Id FROM Card WHERE Name = 'Eyes Closed Punch'), 3),
    ((SELECT Id FROM Dungeoneer WHERE Name = 'Mime'), (SELECT Id FROM Card WHERE Name = 'Imaginary Cannon'), 1),
    ((SELECT Id FROM Dungeoneer WHERE Name = 'Mime'), (SELECT Id FROM Card WHERE Name = 'Imaginary Box'), 1),
    ((SELECT Id FROM Dungeoneer WHERE Name = 'Mime'), (SELECT Id FROM Card WHERE Name = 'Bull-horns'), 1),
    ((SELECT Id FROM Dungeoneer WHERE Name = 'Mime'), (SELECT Id FROM Card WHERE Name = 'Stage-presence'), 2),
    ((SELECT Id FROM Dungeoneer WHERE Name = 'Mime'), (SELECT Id FROM Card WHERE Name = 'Copycat'), 1),
    ((SELECT Id FROM Dungeoneer WHERE Name = 'Apprentice'), (SELECT Id FROM Card WHERE Name = 'Intuition'), 1),
    ((SELECT Id FROM Dungeoneer WHERE Name = 'Apprentice'), (SELECT Id FROM Card WHERE Name = 'Fire Shield'), 2),
    ((SELECT Id FROM Dungeoneer WHERE Name = 'Apprentice'), (SELECT Id FROM Card WHERE Name = 'Zap'), 1),
    ((SELECT Id FROM Dungeoneer WHERE Name = 'Apprentice'), (SELECT Id FROM Card WHERE Name = 'Sparks'), 2),
    ((SELECT Id FROM Dungeoneer WHERE Name = 'Shapeshifter'), (SELECT Id FROM Card WHERE Name = 'Barkskin'), 1),
    ((SELECT Id FROM Dungeoneer WHERE Name = 'Shapeshifter'), (SELECT Id FROM Card WHERE Name = 'Aspect of the Dragon'), 1),
    ((SELECT Id FROM Dungeoneer WHERE Name = 'Shapeshifter'), (SELECT Id FROM Card WHERE Name = 'Aspect of the Bull'), 2),
    ((SELECT Id FROM Dungeoneer WHERE Name = 'Shapeshifter'), (SELECT Id FROM Card WHERE Name = 'Aspect of the Panther'), 1),
    ((SELECT Id FROM Dungeoneer WHERE Name = 'Shapeshifter'), (SELECT Id FROM Card WHERE Name = 'Regenerate'), 1),
    ((SELECT Id FROM Dungeoneer WHERE Name = 'Bruiser'), (SELECT Id FROM Card WHERE Name = 'You tryin something?'), 1),
    ((SELECT Id FROM Dungeoneer WHERE Name = 'Bruiser'), (SELECT Id FROM Card WHERE Name = 'Nice try, chump'), 1),
    ((SELECT Id FROM Dungeoneer WHERE Name = 'Bruiser'), (SELECT Id FROM Card WHERE Name = 'Get outta here'), 1),
    ((SELECT Id FROM Dungeoneer WHERE Name = 'Bruiser'), (SELECT Id FROM Card WHERE Name = 'How do you like this?'), 1),
    ((SELECT Id FROM Dungeoneer WHERE Name = 'Bruiser'), (SELECT Id FROM Card WHERE Name = 'Oi!'), 2),
    ((SELECT Id FROM Dungeoneer WHERE Name = 'Cat Burglar'), (SELECT Id FROM Card WHERE Name = 'Cat Nip'), 2),
    ((SELECT Id FROM Dungeoneer WHERE Name = 'Cat Burglar'), (SELECT Id FROM Card WHERE Name = 'Pounce'), 1),
    ((SELECT Id FROM Dungeoneer WHERE Name = 'Cat Burglar'), (SELECT Id FROM Card WHERE Name = 'Scratch'), 1),
    ((SELECT Id FROM Dungeoneer WHERE Name = 'Cat Burglar'), (SELECT Id FROM Card WHERE Name = 'Throw Cat'), 2),
    ((SELECT Id FROM Dungeoneer WHERE Name = 'Alchemist'), (SELECT Id FROM Card WHERE Name = 'Flask of Acid'), 2),
    ((SELECT Id FROM Dungeoneer WHERE Name = 'Alchemist'), (SELECT Id FROM Card WHERE Name = 'Flask of Healing'), 2),
    ((SELECT Id FROM Dungeoneer WHERE Name = 'Alchemist'), (SELECT Id FROM Card WHERE Name = 'Flask of Lightning'), 1),
    ((SELECT Id FROM Dungeoneer WHERE Name = 'Alchemist'), (SELECT Id FROM Card WHERE Name = 'Flask of Pixie Tears'), 1),
    ((SELECT Id FROM Dungeoneer WHERE Name = 'Barbarian'), (SELECT Id FROM Card WHERE Name = 'Slam'), 2),
    ((SELECT Id FROM Dungeoneer WHERE Name = 'Barbarian'), (SELECT Id FROM Card WHERE Name = 'Howl'), 1),
    ((SELECT Id FROM Dungeoneer WHERE Name = 'Barbarian'), (SELECT Id FROM Card WHERE Name = 'Assault'), 1),
    ((SELECT Id FROM Dungeoneer WHERE Name = 'Barbarian'), (SELECT Id FROM Card WHERE Name = 'Overpower'), 1),
    ((SELECT Id FROM Dungeoneer WHERE Name = 'Barbarian'), (SELECT Id FROM Card WHERE Name = 'Withstand'), 1),
    ((SELECT Id FROM Dungeoneer WHERE Name = 'Artificer'), (SELECT Id FROM Card WHERE Name = 'Zap-o-matic'), 1),
    ((SELECT Id FROM Dungeoneer WHERE Name = 'Artificer'), (SELECT Id FROM Card WHERE Name = 'Spike-o-shield'), 1),
    ((SELECT Id FROM Dungeoneer WHERE Name = 'Artificer'), (SELECT Id FROM Card WHERE Name = 'Static Filed'), 1),
    ((SELECT Id FROM Dungeoneer WHERE Name = 'Artificer'), (SELECT Id FROM Card WHERE Name = 'Brain-Enchane Serum'), 1),
    ((SELECT Id FROM Dungeoneer WHERE Name = 'Artificer'), (SELECT Id FROM Card WHERE Name = 'Reflecting Ray'), 1),
    ((SELECT Id FROM Dungeoneer WHERE Name = 'Artificer'), (SELECT Id FROM Card WHERE Name = 'Thought Extractor'), 1),
    ((SELECT Id FROM Dungeoneer WHERE Name = 'Cartomancer'), (SELECT Id FROM Card WHERE Name = 'Original Edition'), 1),
    ((SELECT Id FROM Dungeoneer WHERE Name = 'Cartomancer'), (SELECT Id FROM Card WHERE Name = 'Card Storm'), 1),
    ((SELECT Id FROM Dungeoneer WHERE Name = 'Cartomancer'), (SELECT Id FROM Card WHERE Name = 'Card Flick'), 1),
    ((SELECT Id FROM Dungeoneer WHERE Name = 'Cartomancer'), (SELECT Id FROM Card WHERE Name = 'Paper Shield'), 1),
    ((SELECT Id FROM Dungeoneer WHERE Name = 'Cartomancer'), (SELECT Id FROM Card WHERE Name = 'Counterplay'), 1),
    ((SELECT Id FROM Dungeoneer WHERE Name = 'Cartomancer'), (SELECT Id FROM Card WHERE Name = 'Heart of the Cards'), 1),
    ((SELECT Id FROM Dungeoneer WHERE Name = 'Mathemagician'), (SELECT Id FROM Card WHERE Name = 'Card Counting'), 1),
    ((SELECT Id FROM Dungeoneer WHERE Name = 'Mathemagician'), (SELECT Id FROM Card WHERE Name = 'Calculate'), 1),
    ((SELECT Id FROM Dungeoneer WHERE Name = 'Mathemagician'), (SELECT Id FROM Card WHERE Name = 'Explain Theorem'), 1),
    ((SELECT Id FROM Dungeoneer WHERE Name = 'Mathemagician'), (SELECT Id FROM Card WHERE Name = 'Mental Maths'), 1),
    ((SELECT Id FROM Dungeoneer WHERE Name = 'Mathemagician'), (SELECT Id FROM Card WHERE Name = 'Measure Trajectory'), 1),
    ((SELECT Id FROM Dungeoneer WHERE Name = 'Mathemagician'), (SELECT Id FROM Card WHERE Name = 'Proof'), 1),
    ((SELECT Id FROM Dungeoneer WHERE Name = 'Most Holy Grail Knight'), (SELECT Id FROM Card WHERE Name = 'Divine Hammer'), 2),
    ((SELECT Id FROM Dungeoneer WHERE Name = 'Most Holy Grail Knight'), (SELECT Id FROM Card WHERE Name = 'Absolution'), 1),
    ((SELECT Id FROM Dungeoneer WHERE Name = 'Most Holy Grail Knight'), (SELECT Id FROM Card WHERE Name = 'Divine Strike'), 1),
    ((SELECT Id FROM Dungeoneer WHERE Name = 'Most Holy Grail Knight'), (SELECT Id FROM Card WHERE Name = 'Fervor'), 1),
    ((SELECT Id FROM Dungeoneer WHERE Name = 'Most Holy Grail Knight'), (SELECT Id FROM Card WHERE Name = 'Flagellate'), 1),
    ((SELECT Id FROM Dungeoneer WHERE Name = 'Troubador'), (SELECT Id FROM Card WHERE Name = 'Ice Blast'), 1),
    ((SELECT Id FROM Dungeoneer WHERE Name = 'Troubador'), (SELECT Id FROM Card WHERE Name = 'Spike'), 1),
    ((SELECT Id FROM Dungeoneer WHERE Name = 'Troubador'), (SELECT Id FROM Card WHERE Name = 'Parry'), 1),
    ((SELECT Id FROM Dungeoneer WHERE Name = 'Troubador'), (SELECT Id FROM Card WHERE Name = 'Leap'), 1),
    ((SELECT Id FROM Dungeoneer WHERE Name = 'Troubador'), (SELECT Id FROM Card WHERE Name = 'Arcane Swipe'), 2);

INSERT INTO Scar(EarlyStageName,EarlyStageDescription,FinalStageName,FinalStageDescription) VALUES
    ('Scrounger','One loot choice is of a higher level than normal',NULL,NULL),
    ('Gullible','One loot choice is of a lower level than normal',NULL,NULL),
    ('Fountain Addict',NULL,NULL,NULL);

INSERT INTO AdventureDependency(ParentAdventureId,ChildAdventureId) VALUES
    ((SELECT Id FROM Adventure WHERE Name = 'Rats? How Original!'),(SELECT Id FROM Adventure WHERE Name = 'Gobliiins')),
    ((SELECT Id FROM Adventure WHERE Name = 'Rats? How Original!'),(SELECT Id FROM Adventure WHERE Name = 'A Victimless Crime')),
    ((SELECT Id FROM Adventure WHERE Name = 'Rats? How Original!'),(SELECT Id FROM Adventure WHERE Name = 'Firelord'));