INSERT INTO Region(Name) VALUES ('Jungle'), ('Pirate Region');

INSERT INTO Adventure(RegionId,Name) VALUES
    ((SELECT Id FROM Region WHERE Name = 'Jungle'),'Snakes on a Plain'),
    ((SELECT Id FROM Region WHERE Name = 'Jungle'),'The Sapphire of Tlaloc'),
    ((SELECT Id FROM Region WHERE Name = 'Jungle'),'Double Trouble'),
    ((SELECT Id FROM Region WHERE Name = 'Pirate Region'),'Skull Cavern'),
    ((SELECT Id FROM Region WHERE Name = 'Jungle'),'All Mixed Up'),
    ((SELECT Id FROM Region WHERE Name = 'Jungle'),'Ogre Menace'),
    ((SELECT Id FROM Region WHERE Name = 'Jungle'),'Dragons Hoard');

INSERT INTO Consequence(Name) VALUES ('Death'), ('Boss Fight');

INSERT INTO Quest(AdventureId, Name, Bonus, LastAward, Objective, BossChase, TurnLimit, LimitConsequenceId) VALUES
    ((SELECT Id FROM Adventure WHERE Name = 'Snakes on a Plain'), 'Whyd it Have to Be Snakes', 50, NULL, NULL, 0, NULL, NULL),
    ((SELECT Id FROM Adventure WHERE Name = 'Snakes on a Plain'), 'Stony Stare', 300, 353, 'Defeat Medusa before you get turned to stone!', 0, 10, (SELECT Id FROM Consequence WHERE Name = 'Death')),
    ((SELECT Id FROM Adventure WHERE Name = 'The Sapphire of Tlaloc'), 'Grab', 50, 61, 'Steal the Sapphire', 0, NULL, NULL),
    ((SELECT Id FROM Adventure WHERE Name = 'The Sapphire of Tlaloc'), 'Run', 300, 355, 'Get out before the roof collapses!', 0, 9, (SELECT Id FROM Consequence WHERE Name = 'Death')),
    ((SELECT Id FROM Adventure WHERE Name = 'Double Trouble'), 'Venture Deeper', 50, 98, 'Defeat 2 Jungle Shaman', 0, NULL, NULL),
    ((SELECT Id FROM Adventure WHERE Name = 'Double Trouble'), 'Eatin Ettin', 300, 355, 'Defeat Ettin!', 0, 6, (SELECT Id FROM Consequence WHERE Name = 'Boss Fight')),
    ((SELECT Id FROM Adventure WHERE Name = 'Skull Cavern'), 'Parrot Treasure', 50, 143, 'Defeat 3 cranky parrots', 0, NULL, NULL),
    ((SELECT Id FROM Adventure WHERE Name = 'All Mixed Up'), 'Ruffled Feathers', 50, 118, NULL, 1, NULL, NULL),
    ((SELECT Id FROM Adventure WHERE Name = 'Ogre Menace'), 'Hero Fricasee', 50, 178, 'Rescue the Drunken Sailor', 0, 10, (SELECT Id FROM Consequence WHERE Name = 'Boss Fight')),
    ((SELECT Id FROM Adventure WHERE Name = 'All Mixed Up'), 'Wild Life', 50, 59, 'Defeat 3 monsters', 0, NULL, NULL),
    ((SELECT Id FROM Adventure WHERE Name = 'All Mixed Up'), 'Awakened', 300, 353, 'Defeat the Chimera!', 1, NULL, NULL),
    ((SELECT Id FROM Adventure WHERE Name = 'Ogre Menace'), 'Assassination', 300, 404, 'Defeat the ogre while hes still sleepy', 0, 10, (SELECT Id FROM Consequence WHERE Name = 'Boss Fight')),
    ((SELECT Id FROM Adventure WHERE Name = 'Dragons Hoard'), 'Heist', 300, 353, 'Steal 3 chests', 0, NULL, NULL),
    ((SELECT Id FROM Adventure WHERE Name = 'Dragons Hoard'), 'Revenge', NULL, NULL, 'Defeat the angry dragon!', 1, NULL, NULL);

INSERT INTO Monster(Name, Level, Hearts) VALUES
    ('Bloodstarved Bat', 1, 6),
    ('Maneating Plant', 2, 8),
    ('Poisonous Snake', 2, 8),
    ('Oarsman', 1, 5),
    ('One-headed Monkey', 1, 6),
    ('Sea Monkey', 2, 8),
    ('Pirate', 3, 8),
    ('Buccaneer', 3, 9),
    ('Cranky Parrot', 3, 9),
    ('Leggy Spider', 1, 7),
    ('Jungle Shaman', 3, 8),
    ('Pixies', 1, 5),
    ('Owl Bear', 3, 8),
    ('Dire Scorpion', 3, 8),
    ('Medusa', 4, 8),
    ('Plague Rat', 1, 6),
    ('Lizardman', 2, 8),
    ('Hilly Gnoll', 2, 8),
    ('Air Elemental', 3, 9),
    ('Worm', 2, 9),
    ('Flaming Gallah', 3, 9),
    ('Cabinboy', 2, 7),
    ('Gunner', 2, 7),
    ('Jungle Warrior', 1, 6),
    ('Frenzied Goblin', 1, 6),
    ('Pirate Joe', 1, NULL),
    ('Rat Berserker', 2, 9),
    ('Harpy', 2, 8),
    ('Gargoyle', 3, 10),
    ('Ogre', 4, 10);

INSERT INTO MonsterQuest(MonsterId,QuestId) VALUES
    ((SELECT Id FROM Monster WHERE Name = 'Bloodstarved Bat'), (SELECT Id FROM Quest WHERE Name = 'Whyd it Have to Be Snakes')),
    ((SELECT Id FROM Monster WHERE Name = 'Maneating Plant'), (SELECT Id FROM Quest WHERE Name = 'Whyd it Have to Be Snakes')),
    ((SELECT Id FROM Monster WHERE Name = 'Poisonous Snake'), (SELECT Id FROM Quest WHERE Name = 'Whyd it Have to Be Snakes')),
    ((SELECT Id FROM Monster WHERE Name = 'Oarsman'), (SELECT Id FROM Quest WHERE Name = 'Parrot Treasure')),
    ((SELECT Id FROM Monster WHERE Name = 'One-headed Monkey'), (SELECT Id FROM Quest WHERE Name = 'Parrot Treasure')),
    ((SELECT Id FROM Monster WHERE Name = 'Sea Monkey'), (SELECT Id FROM Quest WHERE Name = 'Parrot Treasure')),
    ((SELECT Id FROM Monster WHERE Name = 'Pirate'), (SELECT Id FROM Quest WHERE Name = 'Parrot Treasure')),
    ((SELECT Id FROM Monster WHERE Name = 'Buccaneer'), (SELECT Id FROM Quest WHERE Name = 'Parrot Treasure')),
    ((SELECT Id FROM Monster WHERE Name = 'Cranky Parrot'), (SELECT Id FROM Quest WHERE Name = 'Parrot Treasure')),
    ((SELECT Id FROM Monster WHERE Name = 'Bloodstarved Bat'), (SELECT Id FROM Quest WHERE Name = 'Stony Stare')),
    ((SELECT Id FROM Monster WHERE Name = 'Leggy Spider'), (SELECT Id FROM Quest WHERE Name = 'Stony Stare')),
    ((SELECT Id FROM Monster WHERE Name = 'Jungle Shaman'), (SELECT Id FROM Quest WHERE Name = 'Stony Stare')),
    ((SELECT Id FROM Monster WHERE Name = 'Pixies'), (SELECT Id FROM Quest WHERE Name = 'Stony Stare')),
    ((SELECT Id FROM Monster WHERE Name = 'Dire Scorpion'), (SELECT Id FROM Quest WHERE Name = 'Stony Stare')),
    ((SELECT Id FROM Monster WHERE Name = 'Poisonous Snake'), (SELECT Id FROM Quest WHERE Name = 'Stony Stare')),
    ((SELECT Id FROM Monster WHERE Name = 'Plague Rat'), (SELECT Id FROM Quest WHERE Name = 'Grab')),
    ((SELECT Id FROM Monster WHERE Name = 'Pixies'), (SELECT Id FROM Quest WHERE Name = 'Grab')),
    ((SELECT Id FROM Monster WHERE Name = 'Lizardman'), (SELECT Id FROM Quest WHERE Name = 'Grab')),
    ((SELECT Id FROM Monster WHERE Name = 'Owl Bear'), (SELECT Id FROM Quest WHERE Name = 'Grab')),
    ((SELECT Id FROM Monster WHERE Name = 'Leggy Spider'), (SELECT Id FROM Quest WHERE Name = 'Grab')),
    ((SELECT Id FROM Monster WHERE Name = 'Plague Rat'), (SELECT Id FROM Quest WHERE Name = 'Run')),
    ((SELECT Id FROM Monster WHERE Name = 'Lizardman'), (SELECT Id FROM Quest WHERE Name = 'Run')),
    ((SELECT Id FROM Monster WHERE Name = 'Owl Bear'), (SELECT Id FROM Quest WHERE Name = 'Run')),
    ((SELECT Id FROM Monster WHERE Name = 'Hilly Gnoll'), (SELECT Id FROM Quest WHERE Name = 'Run')),
    ((SELECT Id FROM Monster WHERE Name = 'Maneating Plant'), (SELECT Id FROM Quest WHERE Name = 'Run')),
    ((SELECT Id FROM Monster WHERE Name = 'Dire Scorpion'), (SELECT Id FROM Quest WHERE Name = 'Run')),
    ((SELECT Id FROM Monster WHERE Name = 'Air Elemental'), (SELECT Id FROM Quest WHERE Name = 'Run')),
    ((SELECT Id FROM Monster WHERE Name = 'Bloodstarved Bat'), (SELECT Id FROM Quest WHERE Name = 'Wild Life')),
    ((SELECT Id FROM Monster WHERE Name = 'Plague Rat'), (SELECT Id FROM Quest WHERE Name = 'Wild Life')),
    ((SELECT Id FROM Monster WHERE Name = 'Poisonous Snake'), (SELECT Id FROM Quest WHERE Name = 'Wild Life')),
    ((SELECT Id FROM Monster WHERE Name = 'Worm'), (SELECT Id FROM Quest WHERE Name = 'Wild Life')),
    ((SELECT Id FROM Monster WHERE Name = 'Leggy Spider'), (SELECT Id FROM Quest WHERE Name = 'Wild Life')),
    ((SELECT Id FROM Monster WHERE Name = 'Owl Bear'), (SELECT Id FROM Quest WHERE Name = 'Wild Life')),
    ((SELECT Id FROM Monster WHERE Name = 'Leggy Spider'), (SELECT Id FROM Quest WHERE Name = 'Venture Deeper')),
    ((SELECT Id FROM Monster WHERE Name = 'Pixies'), (SELECT Id FROM Quest WHERE Name = 'Venture Deeper')),
    ((SELECT Id FROM Monster WHERE Name = 'Jungle Shaman'), (SELECT Id FROM Quest WHERE Name = 'Venture Deeper')),
    ((SELECT Id FROM Monster WHERE Name = 'Lizardman'), (SELECT Id FROM Quest WHERE Name = 'Venture Deeper')),
    ((SELECT Id FROM Monster WHERE Name = 'Owl Bear'), (SELECT Id FROM Quest WHERE Name = 'Venture Deeper')),
    ((SELECT Id FROM Monster WHERE Name = 'Poisonous Snake'), (SELECT Id FROM Quest WHERE Name = 'Venture Deeper')),
    ((SELECT Id FROM Monster WHERE Name = 'Flaming Gallah'), (SELECT Id FROM Quest WHERE Name = 'Ruffled Feathers')),
    ((SELECT Id FROM Monster WHERE Name = 'Oarsman'), (SELECT Id FROM Quest WHERE Name = 'Ruffled Feathers')),
    ((SELECT Id FROM Monster WHERE Name = 'One-headed Monkey'), (SELECT Id FROM Quest WHERE Name = 'Ruffled Feathers')),
    ((SELECT Id FROM Monster WHERE Name = 'Sea Monkey'), (SELECT Id FROM Quest WHERE Name = 'Ruffled Feathers')),
    ((SELECT Id FROM Monster WHERE Name = 'Buccaneer'), (SELECT Id FROM Quest WHERE Name = 'Ruffled Feathers')),
    ((SELECT Id FROM Monster WHERE Name = 'Cranky Parrot'), (SELECT Id FROM Quest WHERE Name = 'Ruffled Feathers')),
    ((SELECT Id FROM Monster WHERE Name = 'Pirate'), (SELECT Id FROM Quest WHERE Name = 'Ruffled Feathers')),
    ((SELECT Id FROM Monster WHERE Name = 'Bloodstarved Bat'), (SELECT Id FROM Quest WHERE Name = 'Venture Deeper')),
    ((SELECT Id FROM Monster WHERE Name = 'Gunner'), (SELECT Id FROM Quest WHERE Name = 'Venture Deeper')),
    ((SELECT Id FROM Monster WHERE Name = 'Cabinboy'), (SELECT Id FROM Quest WHERE Name = 'Ruffled Feathers')),
    ((SELECT Id FROM Monster WHERE Name = 'Lizardman'), (SELECT Id FROM Quest WHERE Name = 'Eatin Ettin')),
    ((SELECT Id FROM Monster WHERE Name = 'Pixies'), (SELECT Id FROM Quest WHERE Name = 'Eatin Ettin')),
    ((SELECT Id FROM Monster WHERE Name = 'Leggy Spider'), (SELECT Id FROM Quest WHERE Name = 'Eatin Ettin')),
    ((SELECT Id FROM Monster WHERE Name = 'Maneating Plant'), (SELECT Id FROM Quest WHERE Name = 'Eatin Ettin')),
    ((SELECT Id FROM Monster WHERE Name = 'Owl Bear'), (SELECT Id FROM Quest WHERE Name = 'Eatin Ettin')),
    ((SELECT Id FROM Monster WHERE Name = 'Leggy Spider'), (SELECT Id FROM Quest WHERE Name = 'Awakened')),
    ((SELECT Id FROM Monster WHERE Name = 'Bloodstarved Bat'), (SELECT Id FROM Quest WHERE Name = 'Awakened')),
    ((SELECT Id FROM Monster WHERE Name = 'Plague Rat'), (SELECT Id FROM Quest WHERE Name = 'Awakened')),
    ((SELECT Id FROM Monster WHERE Name = 'Worm'), (SELECT Id FROM Quest WHERE Name = 'Awakened')),
    ((SELECT Id FROM Monster WHERE Name = 'Poisonous Snake'), (SELECT Id FROM Quest WHERE Name = 'Awakened')),
    ((SELECT Id FROM Monster WHERE Name = 'Jungle Warrior'), (SELECT Id FROM Quest WHERE Name = 'Assassination')),
    ((SELECT Id FROM Monster WHERE Name = 'Bloodstarved Bat'), (SELECT Id FROM Quest WHERE Name = 'Assassination')),
    ((SELECT Id FROM Monster WHERE Name = 'Frenzied Goblin'), (SELECT Id FROM Quest WHERE Name = 'Assassination')),
    ((SELECT Id FROM Monster WHERE Name = 'Hilly Gnoll'), (SELECT Id FROM Quest WHERE Name = 'Assassination')),
    ((SELECT Id FROM Monster WHERE Name = 'Harpy'), (SELECT Id FROM Quest WHERE Name = 'Assassination')),
    ((SELECT Id FROM Monster WHERE Name = 'Owl Bear'), (SELECT Id FROM Quest WHERE Name = 'Assassination')),
    ((SELECT Id FROM Monster WHERE Name = 'Oarsman'), (SELECT Id FROM Quest WHERE Name = 'Hero Fricasee')),
    ((SELECT Id FROM Monster WHERE Name = 'One-headed Monkey'), (SELECT Id FROM Quest WHERE Name = 'Hero Fricasee')),
    ((SELECT Id FROM Monster WHERE Name = 'Pirate'), (SELECT Id FROM Quest WHERE Name = 'Hero Fricasee')),
    ((SELECT Id FROM Monster WHERE Name = 'Buccaneer'), (SELECT Id FROM Quest WHERE Name = 'Hero Fricasee')),
    ((SELECT Id FROM Monster WHERE Name = 'Cabinboy'), (SELECT Id FROM Quest WHERE Name = 'Hero Fricasee')),
    ((SELECT Id FROM Monster WHERE Name = 'Jungle Warrior'), (SELECT Id FROM Quest WHERE Name = 'Heist')),
    ((SELECT Id FROM Monster WHERE Name = 'Frenzied Goblin'), (SELECT Id FROM Quest WHERE Name = 'Heist')),
    ((SELECT Id FROM Monster WHERE Name = 'Gargoyle'), (SELECT Id FROM Quest WHERE Name = 'Heist')),
    ((SELECT Id FROM Monster WHERE Name = 'Pixies'), (SELECT Id FROM Quest WHERE Name = 'Heist')),
    ((SELECT Id FROM Monster WHERE Name = 'Maneating Plant'), (SELECT Id FROM Quest WHERE Name = 'Heist'));

INSERT INTO Dungeoneer(Name,Hearts,UnlockCost) VALUES
    ('Ranger', 6, NULL),
    ('Cat Burgler', 6, NULL),
    ('Chump', 6, 0),
    ('Mime', 5, NULL),
    ('Apprentice', 5, NULL),
    ('Shapeshifter', 5, NULL),
    ('Bruiser', 5, NULL);

INSERT INTO Discipline(Name) VALUES
    ('Venom'),
    ('Feral'),
    ('Nature'),
    ('Demonic'),
    ('Sorcery'),
    ('Burly'),
    ('Irritable'),
    ('Armed'),
    ('Stupidity'),
    ('Rage'),
    ('Ghoulish'),
    ('Flame'),
    ('Pickpocket'),
    ('Electrical'),
    ('Aquatic'),
    ('Spooky'),
    ('Gunnery'),
    ('Fire'),
    ('Swift'),
    ('Growth'),
    ('Blade'),
    ('Crush'),
    ('Armour'),
    ('Arcane'),
    ('Holy');

INSERT INTO Trait(Name,Description) VALUES
    ('Predictable', 'Top card of deck is face up'),
    ('Ranged', 'All physical attacks are quick, +1 damage if they are already quick'),
    ('Wandering', 'Randomly moves each turn'),
    ('Fury', 'All physical attacks deal +1 damage if on half health or less'),
    ('Ferocious', 'Physical attacks dealing 3+ damage get 1 bonus damage'),
    ('Crewmate', '+1❤️ if another crewmate is defeated '),
    ('Rum', 'First time starting a round on 1❤️, gain 2❤️'),
    ('Aggressive', 'Chases dungeoneer 1 tile per turn'),
    ('Frail', 'Incoming physical attacks get +1 damage'),
    ('Leader', '+1❤️ for each surrounding minion'),
    ('Thief', 'Moves toward adjacent gold'),
    ('Tenacious', 'Cant be killed unless on 1 ❤️'),
    ('Bulwark', 'If you would take exactly 1 damage on a turn, prevent it'),
    ('Night Owl', '-1❤️ if surrounded by 5+ tiles'),
    ('Loner', '-1❤️ if in a dead-end'),
    ('Covetous', '+1 loot choice slot'),
    ('Talented', 'Start with Fire I'),
    ('Wild', 'Start with Growth I'),
    ('Spikey', 'When you fully-block an attack, deal 1 damage'),
    ('Burn', 'Both fighters takes 1 damage each turn'),
    ('Mundane', ''),
    ('Sluggish', 'Enemy blocks are twice as effective'),
    ('Brittle', 'Taking 4+ damage in one turn causes 2 extra damage'),
    ('Sleepy', 'Just got out of bed. -3❤️'),
    ('Retribution', '');

INSERT INTO Rarity(Name) VALUES
    ('Common'),
    ('Uncommon'),
    ('Rare'),
    ('E');

INSERT INTO Tier(Level,Cost) VALUES
    (1,50),
    (2,500),
    (3,2000);

INSERT INTO GuildUpgrade(Name,TierId) VALUES
    ('Blacksmith', (SELECT Id FROM Tier WHERE Level = 1)),
    ('Steel Anvil', (SELECT Id FROM Tier WHERE Level = 2)),
    ('Adamantium Anvil', (SELECT Id FROM Tier WHERE Level = 3));

INSERT INTO Item(Name,GuildUpgradeId,RarityId,Level,Hearts) VALUES
    ('Flintlock', (SELECT Id FROM GuildUpgrade WHERE Name = 'Blacksmith'), (SELECT Id FROM GuildUpgrade WHERE Name = 'Uncommon'), 3, 0),
    ('Sash', (SELECT Id FROM GuildUpgrade WHERE Name = 'Blacksmith'), (SELECT Id FROM GuildUpgrade WHERE Name = 'Uncommon'), 1, 0),
    ('Mace', (SELECT Id FROM GuildUpgrade WHERE Name = 'Blacksmith'), (SELECT Id FROM GuildUpgrade WHERE Name = 'Uncommon'), 3, 0),
    ('Scale Mail', (SELECT Id FROM GuildUpgrade WHERE Name = 'Blacksmith'), (SELECT Id FROM GuildUpgrade WHERE Name = 'Uncommon'), 3, 2),
    ('Scimitar', (SELECT Id FROM GuildUpgrade WHERE Name = 'Blacksmith'), (SELECT Id FROM GuildUpgrade WHERE Name = 'Uncommon'), 2, 0),
    ('Soldiers Helmet', (SELECT Id FROM GuildUpgrade WHERE Name = 'Blacksmith'), (SELECT Id FROM GuildUpgrade WHERE Name = 'Uncommon'), 1, 1),
    ('Seafarers Brace', (SELECT Id FROM GuildUpgrade WHERE Name = 'Steel Anvil'), (SELECT Id FROM GuildUpgrade WHERE Name = 'Rare'), 2, 0),
    ('Grenade', (SELECT Id FROM GuildUpgrade WHERE Name = 'Steel Anvil'), (SELECT Id FROM GuildUpgrade WHERE Name = 'Rare'), 1, 0),
    ('Doom Plate', (SELECT Id FROM GuildUpgrade WHERE Name = 'Steel Anvil'), (SELECT Id FROM GuildUpgrade WHERE Name = 'Rare'), 3, 0),
    ('Horned Helm', (SELECT Id FROM GuildUpgrade WHERE Name = 'Steel Anvil'), (SELECT Id FROM GuildUpgrade WHERE Name = 'Rare'), 3, 0),
    ('Spiky Hat', (SELECT Id FROM GuildUpgrade WHERE Name = 'Steel Anvil'), (SELECT Id FROM GuildUpgrade WHERE Name = 'Rare'), 2, 0),
    ('Brass Knuckles', (SELECT Id FROM GuildUpgrade WHERE Name = 'Steel Anvil'), (SELECT Id FROM GuildUpgrade WHERE Name = 'Rare'), 1, 0),
    ('Cutlass', (SELECT Id FROM GuildUpgrade WHERE Name = 'Adamantium Anvil'), (SELECT Id FROM GuildUpgrade WHERE Name = 'E'), 1, 0),
    ('Sword of the Sea', (SELECT Id FROM GuildUpgrade WHERE Name = 'Adamantium Anvil'), (SELECT Id FROM GuildUpgrade WHERE Name = 'E'), 3, 0),
    ('Battle Axe', (SELECT Id FROM GuildUpgrade WHERE Name = 'Adamantium Anvil'), (SELECT Id FROM GuildUpgrade WHERE Name = 'E'), 3, 0),
    ('Winged Fury', (SELECT Id FROM GuildUpgrade WHERE Name = 'Adamantium Anvil'), (SELECT Id FROM GuildUpgrade WHERE Name = 'E'), 3, 0),
    ('Broadsword', (SELECT Id FROM GuildUpgrade WHERE Name = 'Adamantium Anvil'), (SELECT Id FROM GuildUpgrade WHERE Name = 'E'), 2, 0),
    ('Cleaver', (SELECT Id FROM GuildUpgrade WHERE Name = 'Adamantium Anvil'), (SELECT Id FROM GuildUpgrade WHERE Name = 'E'), 1, 0);

INSERT INTO MonsterDiscipline (MonsterId, DisciplineId, Level) VALUES
    ((SELECT Id FROM Monster WHERE Name = 'Plague Rat'), (SELECT Id FROM Discipline WHERE Name = 'Venom'), 2),
    ((SELECT Id FROM Monster WHERE Name = 'Plague Rat'), (SELECT Id FROM Discipline WHERE Name = 'Feral'), 2),
    ((SELECT Id FROM Monster WHERE Name = 'Pixies'), (SELECT Id FROM Discipline WHERE Name = 'Nature'), 2),
    ((SELECT Id FROM Monster WHERE Name = 'Pixies'), (SELECT Id FROM Discipline WHERE Name = 'Demonic'), 1),
    ((SELECT Id FROM Monster WHERE Name = 'Pixies'), (SELECT Id FROM Discipline WHERE Name = 'Sorcery'), 1),
    ((SELECT Id FROM Monster WHERE Name = 'Hilly Gnoll'), (SELECT Id FROM Discipline WHERE Name = 'Burly'), 2),
    ((SELECT Id FROM Monster WHERE Name = 'Hilly Gnoll'), (SELECT Id FROM Discipline WHERE Name = 'Irritable'), 1),
    ((SELECT Id FROM Monster WHERE Name = 'Hilly Gnoll'), (SELECT Id FROM Discipline WHERE Name = 'Armed'), 2),
    ((SELECT Id FROM Monster WHERE Name = 'Maneating Plant'), (SELECT Id FROM Discipline WHERE Name = 'Stupidity'), 1),
    ((SELECT Id FROM Monster WHERE Name = 'Maneating Plant'), (SELECT Id FROM Discipline WHERE Name = 'Venom'), 3),
    ((SELECT Id FROM Monster WHERE Name = 'Lizardman'), (SELECT Id FROM Discipline WHERE Name = 'Nature'), 3),
    ((SELECT Id FROM Monster WHERE Name = 'Lizardman'), (SELECT Id FROM Discipline WHERE Name = 'Burly'), 2),
    ((SELECT Id FROM Monster WHERE Name = 'Owl Bear'), (SELECT Id FROM Discipline WHERE Name = 'Rage'), 3),
    ((SELECT Id FROM Monster WHERE Name = 'Owl Bear'), (SELECT Id FROM Discipline WHERE Name = 'Nature'), 2),
    ((SELECT Id FROM Monster WHERE Name = 'Dire Scorpion'), (SELECT Id FROM Discipline WHERE Name = 'Burly'), 2),
    ((SELECT Id FROM Monster WHERE Name = 'Dire Scorpion'), (SELECT Id FROM Discipline WHERE Name = 'Nature'), 2),
    ((SELECT Id FROM Monster WHERE Name = 'Air Elemental'), (SELECT Id FROM Discipline WHERE Name = 'Sorcery'), 3),
    ((SELECT Id FROM Monster WHERE Name = 'Air Elemental'), (SELECT Id FROM Discipline WHERE Name = 'Irritable'), 3),
    ((SELECT Id FROM Monster WHERE Name = 'Worm'), (SELECT Id FROM Discipline WHERE Name = 'Ghoulish'), 2),
    ((SELECT Id FROM Monster WHERE Name = 'Worm'), (SELECT Id FROM Discipline WHERE Name = 'Stupidity'), 2),
    ((SELECT Id FROM Monster WHERE Name = 'Worm'), (SELECT Id FROM Discipline WHERE Name = 'Venom'), 3),
    ((SELECT Id FROM Monster WHERE Name = 'Jungle Shaman'), (SELECT Id FROM Discipline WHERE Name = 'Sorcery'), 3),
    ((SELECT Id FROM Monster WHERE Name = 'Jungle Shaman'), (SELECT Id FROM Discipline WHERE Name = 'Flame'), 3),
    ((SELECT Id FROM Monster WHERE Name = 'Flaming Gallah'), (SELECT Id FROM Discipline WHERE Name = 'Feral'), 5),
    ((SELECT Id FROM Monster WHERE Name = 'Flaming Gallah'), (SELECT Id FROM Discipline WHERE Name = 'Nature'), 1),
    ((SELECT Id FROM Monster WHERE Name = 'Flaming Gallah'), (SELECT Id FROM Discipline WHERE Name = 'Flame'), 4),
    ((SELECT Id FROM Monster WHERE Name = 'Flaming Gallah'), (SELECT Id FROM Discipline WHERE Name = 'Rage'), 1),
    ((SELECT Id FROM Monster WHERE Name = 'Flaming Gallah'), (SELECT Id FROM Discipline WHERE Name = 'Pickpocket'), 3),
    ((SELECT Id FROM Monster WHERE Name = 'One-headed Monkey'), (SELECT Id FROM Discipline WHERE Name = 'Feral'), 3),
    ((SELECT Id FROM Monster WHERE Name = 'One-headed Monkey'), (SELECT Id FROM Discipline WHERE Name = 'Irritable'), 3),
    ((SELECT Id FROM Monster WHERE Name = 'One-headed Monkey'), (SELECT Id FROM Discipline WHERE Name = 'Pickpocket'), 3),
    ((SELECT Id FROM Monster WHERE Name = 'Buccaneer'), (SELECT Id FROM Discipline WHERE Name = 'Rage'), 4),
    ((SELECT Id FROM Monster WHERE Name = 'Buccaneer'), (SELECT Id FROM Discipline WHERE Name = 'Armed'), 2),
    ((SELECT Id FROM Monster WHERE Name = 'Pirate'), (SELECT Id FROM Discipline WHERE Name = 'Rage'), 2),
    ((SELECT Id FROM Monster WHERE Name = 'Pirate'), (SELECT Id FROM Discipline WHERE Name = 'Armed'), 3),
    ((SELECT Id FROM Monster WHERE Name = 'Pirate'), (SELECT Id FROM Discipline WHERE Name = 'Pickpocket'), 1),
    ((SELECT Id FROM Monster WHERE Name = 'Cranky Parrot'), (SELECT Id FROM Discipline WHERE Name = 'Stupidity'), 2),
    ((SELECT Id FROM Monster WHERE Name = 'Cranky Parrot'), (SELECT Id FROM Discipline WHERE Name = 'Feral'), 5),
    ((SELECT Id FROM Monster WHERE Name = 'Cranky Parrot'), (SELECT Id FROM Discipline WHERE Name = 'Nature'), 1),
    ((SELECT Id FROM Monster WHERE Name = 'Cranky Parrot'), (SELECT Id FROM Discipline WHERE Name = 'Pickpocket'), 2),
    ((SELECT Id FROM Monster WHERE Name = 'Leggy Spider'), (SELECT Id FROM Discipline WHERE Name = 'Venom'), 3),
    ((SELECT Id FROM Monster WHERE Name = 'Leggy Spider'), (SELECT Id FROM Discipline WHERE Name = 'Spooky'), 2),
    ((SELECT Id FROM Monster WHERE Name = 'Poisonous Snake'), (SELECT Id FROM Discipline WHERE Name = 'Venom'), 2),
    ((SELECT Id FROM Monster WHERE Name = 'Poisonous Snake'), (SELECT Id FROM Discipline WHERE Name = 'Nature'), 3),
    ((SELECT Id FROM Monster WHERE Name = 'Gunner'), (SELECT Id FROM Discipline WHERE Name = 'Rage'), 2),
    ((SELECT Id FROM Monster WHERE Name = 'Gunner'), (SELECT Id FROM Discipline WHERE Name = 'Burly'), 2),
    ((SELECT Id FROM Monster WHERE Name = 'Gunner'), (SELECT Id FROM Discipline WHERE Name = 'Gunnery'), 4),
    ((SELECT Id FROM Monster WHERE Name = 'Gunner'), (SELECT Id FROM Discipline WHERE Name = 'Armed'), 3),
    ((SELECT Id FROM Monster WHERE Name = 'Sea Monkey'), (SELECT Id FROM Discipline WHERE Name = 'Aquatic'), 3),
    ((SELECT Id FROM Monster WHERE Name = 'Sea Monkey'), (SELECT Id FROM Discipline WHERE Name = 'Feral'), 3),
    ((SELECT Id FROM Monster WHERE Name = 'Sea Monkey'), (SELECT Id FROM Discipline WHERE Name = 'Electrical'), 1),
    ((SELECT Id FROM Monster WHERE Name = 'Sea Monkey'), (SELECT Id FROM Discipline WHERE Name = 'Irritable'), 2),
    ((SELECT Id FROM Monster WHERE Name = 'Sea Monkey'), (SELECT Id FROM Discipline WHERE Name = 'Pickpocket'), 3),
    ((SELECT Id FROM Monster WHERE Name = 'Cabinboy'), (SELECT Id FROM Discipline WHERE Name = 'Stupidity'), 1),
    ((SELECT Id FROM Monster WHERE Name = 'Cabinboy'), (SELECT Id FROM Discipline WHERE Name = 'Irritable'), 3),
    ((SELECT Id FROM Monster WHERE Name = 'Cabinboy'), (SELECT Id FROM Discipline WHERE Name = 'Armed'), 3),
    ((SELECT Id FROM Monster WHERE Name = 'Jungle Warrior'), (SELECT Id FROM Discipline WHERE Name = 'Nature'), 3),
    ((SELECT Id FROM Monster WHERE Name = 'Jungle Warrior'), (SELECT Id FROM Discipline WHERE Name = 'Burly'), 2),
    ((SELECT Id FROM Monster WHERE Name = 'Frenzied Goblin'), (SELECT Id FROM Discipline WHERE Name = 'Rage'), 2),
    ((SELECT Id FROM Monster WHERE Name = 'Frenzied Goblin'), (SELECT Id FROM Discipline WHERE Name = 'Armed'), 2),
    ((SELECT Id FROM Monster WHERE Name = 'Rat Berserker'), (SELECT Id FROM Discipline WHERE Name = 'Rage'), 3),
    ((SELECT Id FROM Monster WHERE Name = 'Rat Berserker'), (SELECT Id FROM Discipline WHERE Name = 'Armed'), 3),
    ((SELECT Id FROM Monster WHERE Name = 'Harpy'), (SELECT Id FROM Discipline WHERE Name = 'Demonic'), 2),
    ((SELECT Id FROM Monster WHERE Name = 'Harpy'), (SELECT Id FROM Discipline WHERE Name = 'Feral'), 3),
    ((SELECT Id FROM Monster WHERE Name = 'Gargoyle'), (SELECT Id FROM Discipline WHERE Name = 'Demonic'), 3),
    ((SELECT Id FROM Monster WHERE Name = 'Gargoyle'), (SELECT Id FROM Discipline WHERE Name = 'Feral'), 3);

INSERT INTO ItemTrait(ItemId, TraitId) VALUES
    ((SELECT Id FROM Item WHERE Name = 'Flintlock'), (SELECT Id FROM Trait WHERE Name = 'Fury')),
    ((SELECT Id FROM Item WHERE Name = 'Seafarers Brace'), (SELECT Id FROM Trait WHERE Name = 'Retribution')),
    ((SELECT Id FROM Item WHERE Name = 'Doom Plate'), (SELECT Id FROM Trait WHERE Name = 'Bulwark')),
    ((SELECT Id FROM Item WHERE Name = 'Horned Helm'), (SELECT Id FROM Trait WHERE Name = 'Fury')),
    ((SELECT Id FROM Item WHERE Name = 'Cutlass'), (SELECT Id FROM Trait WHERE Name = 'Tenacious')),
    ((SELECT Id FROM Item WHERE Name = 'Winged Fury'), (SELECT Id FROM Trait WHERE Name = 'Retribution')),
    ((SELECT Id FROM Item WHERE Name = 'Broadsword'), (SELECT Id FROM Trait WHERE Name = 'Ferocious')),
    ((SELECT Id FROM Item WHERE Name = 'Cleaver'), (SELECT Id FROM Trait WHERE Name = 'Fury'));

INSERT INTO MonsterTrait(MonsterId,TraitId) VALUES
    ((SELECT Id FROM Monster WHERE Name = 'Bloodstarved Bat'), (SELECT Id FROM Trait WHERE Name = 'Predictable')),
    ((SELECT Id FROM Monster WHERE Name = 'Poisonous Snake'), (SELECT Id FROM Trait WHERE Name = 'Wandering')),
    ((SELECT Id FROM Monster WHERE Name = 'Oarsman'), (SELECT Id FROM Trait WHERE Name = 'Fury')),
    ((SELECT Id FROM Monster WHERE Name = 'Cranky Parrot'), (SELECT Id FROM Trait WHERE Name = 'Ferocious')),
    ((SELECT Id FROM Monster WHERE Name = 'Pirate'), (SELECT Id FROM Trait WHERE Name = 'Crewmate')),
    ((SELECT Id FROM Monster WHERE Name = 'Pirate'), (SELECT Id FROM Trait WHERE Name = 'Rum')),
    ((SELECT Id FROM Monster WHERE Name = 'Pirate'), (SELECT Id FROM Trait WHERE Name = 'Aggressive')),
    ((SELECT Id FROM Monster WHERE Name = 'Buccaneer'), (SELECT Id FROM Trait WHERE Name = 'Fury')),
    ((SELECT Id FROM Monster WHERE Name = 'Buccaneer'), (SELECT Id FROM Trait WHERE Name = 'Aggressive')),
    ((SELECT Id FROM Monster WHERE Name = 'Buccaneer'), (SELECT Id FROM Trait WHERE Name = 'Crewmate')),
    ((SELECT Id FROM Monster WHERE Name = 'Leggy Spider'), (SELECT Id FROM Trait WHERE Name = 'Frail')),
    ((SELECT Id FROM Monster WHERE Name = 'Jungle Shaman'), (SELECT Id FROM Trait WHERE Name = 'Leader')),
    ((SELECT Id FROM Monster WHERE Name = 'Pixies'), (SELECT Id FROM Trait WHERE Name = 'Thief')),
    ((SELECT Id FROM Monster WHERE Name = 'Pixies'), (SELECT Id FROM Trait WHERE Name = 'Tenacious')),
    ((SELECT Id FROM Monster WHERE Name = 'Dire Scorpion'), (SELECT Id FROM Trait WHERE Name = 'Bulwark')),
    ((SELECT Id FROM Monster WHERE Name = 'Owl Bear'), (SELECT Id FROM Trait WHERE Name = 'Fury')),
    ((SELECT Id FROM Monster WHERE Name = 'Plague Rat'), (SELECT Id FROM Trait WHERE Name = 'Loner')),
    ((SELECT Id FROM Monster WHERE Name = 'Medusa'), (SELECT Id FROM Trait WHERE Name = 'Night Owl')),
    ((SELECT Id FROM Monster WHERE Name = 'Lizardman'), (SELECT Id FROM Trait WHERE Name = 'Night Owl')),
    ((SELECT Id FROM Monster WHERE Name = 'Hilly Gnoll'), (SELECT Id FROM Trait WHERE Name = 'Fury')),
    ((SELECT Id FROM Monster WHERE Name = 'Air Elemental'), (SELECT Id FROM Trait WHERE Name = 'Bulwark')),
    ((SELECT Id FROM Monster WHERE Name = 'Air Elemental'), (SELECT Id FROM Trait WHERE Name = 'Wandering')),
    ((SELECT Id FROM Monster WHERE Name = 'Worm'), (SELECT Id FROM Trait WHERE Name = 'Night Owl')),
    ((SELECT Id FROM Monster WHERE Name = 'Worm'), (SELECT Id FROM Trait WHERE Name = 'Tenacious')),
    ((SELECT Id FROM Monster WHERE Name = 'Flaming Gallah'), (SELECT Id FROM Trait WHERE Name = 'Burn')),
    ((SELECT Id FROM Monster WHERE Name = 'Flaming Gallah'), (SELECT Id FROM Trait WHERE Name = 'Ferocious')),
    ((SELECT Id FROM Monster WHERE Name = 'Cabinboy'), (SELECT Id FROM Trait WHERE Name = 'Mundane')),
    ((SELECT Id FROM Monster WHERE Name = 'Gunner'), (SELECT Id FROM Trait WHERE Name = 'Spikey')),
    ((SELECT Id FROM Monster WHERE Name = 'Gunner'), (SELECT Id FROM Trait WHERE Name = 'Rum')),
    ((SELECT Id FROM Monster WHERE Name = 'Worm'), (SELECT Id FROM Trait WHERE Name = 'Tenacious')),
    ((SELECT Id FROM Monster WHERE Name = 'Worm'), (SELECT Id FROM Trait WHERE Name = 'Night Owl')),
    ((SELECT Id FROM Monster WHERE Name = 'Jungle Warrior'), (SELECT Id FROM Trait WHERE Name = 'Leader')),
    ((SELECT Id FROM Monster WHERE Name = 'Frenzied Goblin'), (SELECT Id FROM Trait WHERE Name = 'Fury')),
    ((SELECT Id FROM Monster WHERE Name = 'Frenzied Goblin'), (SELECT Id FROM Trait WHERE Name = 'Aggressive')),
    ((SELECT Id FROM Monster WHERE Name = 'Rat Berserker'), (SELECT Id FROM Trait WHERE Name = 'Sluggish')),
    ((SELECT Id FROM Monster WHERE Name = 'Ogre'), (SELECT Id FROM Trait WHERE Name = 'Sleepy')),
    ((SELECT Id FROM Monster WHERE Name = 'Ogre'), (SELECT Id FROM Trait WHERE Name = 'Predictable'));

INSERT INTO DungeoneerTrait(DungeoneerId, TraitId) VALUES
    ((SELECT Id FROM Dungeoneer WHERE Name = 'Ranger'), (SELECT Id FROM Trait WHERE Name = 'Ranged')),
    ((SELECT Id FROM Dungeoneer WHERE Name = 'Cat Burgler'), (SELECT Id FROM Trait WHERE Name = 'Covetous')),
    ((SELECT Id FROM Dungeoneer WHERE Name = 'Apprentice'), (SELECT Id FROM Trait WHERE Name = 'Talented')),
    ((SELECT Id FROM Dungeoneer WHERE Name = 'Shapeshifter'), (SELECT Id FROM Trait WHERE Name = 'Wild')),
    ((SELECT Id FROM Dungeoneer WHERE Name = 'Bruiser'), (SELECT Id FROM Trait WHERE Name = 'Spikey'));

INSERT INTO ItemDiscipline(ItemId, DisciplineId, Level) VALUES
    ((SELECT Id FROM Item WHERE Name = 'Flintlock'), (SELECT Id FROM Discipline WHERE Name = 'Fire'), 2),
    ((SELECT Id FROM Item WHERE Name = 'Sash'), (SELECT Id FROM Discipline WHERE Name = 'Swift'), 1),
    ((SELECT Id FROM Item WHERE Name = 'Sash'), (SELECT Id FROM Discipline WHERE Name = 'Growth'), 1),
    ((SELECT Id FROM Item WHERE Name = 'Mace'), (SELECT Id FROM Discipline WHERE Name = 'Blade'), 1),
    ((SELECT Id FROM Item WHERE Name = 'Mace'), (SELECT Id FROM Discipline WHERE Name = 'Crush'), 2),
    ((SELECT Id FROM Item WHERE Name = 'Scale Mail'), (SELECT Id FROM Discipline WHERE Name = 'Armour'), 1),
    ((SELECT Id FROM Item WHERE Name = 'Scimitar'), (SELECT Id FROM Discipline WHERE Name = 'Crush'), 2),
    ((SELECT Id FROM Item WHERE Name = 'Seafarers Brace'), (SELECT Id FROM Discipline WHERE Name = 'Arcane'), 1),
    ((SELECT Id FROM Item WHERE Name = 'Seafarers Brace'), (SELECT Id FROM Discipline WHERE Name = 'Armour'), 1),
    ((SELECT Id FROM Item WHERE Name = 'Grenade'), (SELECT Id FROM Discipline WHERE Name = 'Fire'), 2),
    ((SELECT Id FROM Item WHERE Name = 'Doom Plate'), (SELECT Id FROM Discipline WHERE Name = 'Armour'), 1),
    ((SELECT Id FROM Item WHERE Name = 'Horned Helm'), (SELECT Id FROM Discipline WHERE Name = 'Blade'), 1),
    ((SELECT Id FROM Item WHERE Name = 'Spiky Hat'), (SELECT Id FROM Discipline WHERE Name = 'Armour'), 1),
    ((SELECT Id FROM Item WHERE Name = 'Spiky Hat'), (SELECT Id FROM Discipline WHERE Name = 'Blade'), 2),
    ((SELECT Id FROM Item WHERE Name = 'Brass Knuckles'), (SELECT Id FROM Discipline WHERE Name = 'Crush'), 2),
    ((SELECT Id FROM Item WHERE Name = 'Cutlass'), (SELECT Id FROM Discipline WHERE Name = 'Blade'), 2),
    ((SELECT Id FROM Item WHERE Name = 'Sword of the Sea'), (SELECT Id FROM Discipline WHERE Name = 'Growth'), 3),
    ((SELECT Id FROM Item WHERE Name = 'Sword of the Sea'), (SELECT Id FROM Discipline WHERE Name = 'Blade'), 2),
    ((SELECT Id FROM Item WHERE Name = 'Battle Axe'), (SELECT Id FROM Discipline WHERE Name = 'Blade'), 3),
    ((SELECT Id FROM Item WHERE Name = 'Battle Axe'), (SELECT Id FROM Discipline WHERE Name = 'Crush'), 2),
    ((SELECT Id FROM Item WHERE Name = 'Winged Fury'), (SELECT Id FROM Discipline WHERE Name = 'Holy'), 1),
    ((SELECT Id FROM Item WHERE Name = 'Broadsword'), (SELECT Id FROM Discipline WHERE Name = 'Crush'), 1),
    ((SELECT Id FROM Item WHERE Name = 'Cleaver'), (SELECT Id FROM Discipline WHERE Name = 'Stupidity'), 1),
    ((SELECT Id FROM Item WHERE Name = 'Cleaver'), (SELECT Id FROM Discipline WHERE Name = 'Blade'), 1);

INSERT INTO Card(Name,PhysicalDamage,MagicDamage,Quick,Unblockable,PhysicalBlocks,MagicBlocks,AllBlock,StealOnSuccess,ConcealOnSuccess,CloneOnSuccess,DiscardOnSuccess,Hearts,AddedPhysicalToNext,AddedMagicToNext,Swap,Draw) VALUES
    ('Camouflage', 0, 0, 0, 0, 0, 0, 1, 0, 0, 0, 0, 0, 1, 0, 0, 0),
    ('Pierce', 1, 0, 0, 1, 0, 0, 0, 0, 0, 0, 0, 0, 0, 0, 0, 0),
    ('Steelhead arrow', 2, 0, 0, 0, 0, 0, 0, 0, 0, 0, 0, 0, 0, 0, 0, 0),
    ('Thrash', 3, 0, 0, 0, 0, 0, 0, 0, 0, 0, 0, -1, 0, 0, 0, 0),
    ('Drain', 0, 1, 0, 0, 0, 0, 0, 0, 0, 0, 0, 1, 0, 0, 0, 0),
    ('Wooden Arrow', 1, 0, 0, 0, 0, 0, 0, 0, 0, 0, 0, 0, 0, 0, 0, 0),
    ('Spook', 0, 1, 0, 0, 1, 0, 0, 0, 0, 0, 0, 0, 0, 0, 0, 0),
    ('Flame Arrow', 0, 2, 0, 0, 0, 0, 0, 0, 0, 0, 0, 0, 0, 0, 0, 0),
    ('Lunge', 2, 0, 0, 1, 0, 0, 0, 0, 0, 0, 0, 0, 0, 0, 0, 0),
    ('Venomous Bite', 2, 0, 0, 1, 0, 0, 0, 0, 0, 0, 0, 0, 0, 0, 0, 0),
    ('Spider Bite', 2, 0, 0, 0, 0, 0, 0, 0, 0, 0, 0, 0, 0, 0, 0, 0),
    ('Uhh...', 0, 0, 0, 0, 0, 0, 0, 0, 0, 0, 0, 0, 0, 0, 0, 0),
    ('Acid Spit', 2, 1, 0, 0, 0, 0, 0, 0, 0, 0, 0, 0, 0, 0, 0, 0),
    ('Restore', 0, 1, 0, 0, 0, 0, 0, 0, 0, 0, 0, 2, 0, 0, 0, 0),
    ('Neurotoxin', 1, 0, 0, 0, 0, 0, 0, 0, 0, 0, 1, 0, 0, 0, 0, 0),
    ('Claw', 1, 0, 0, 0, 0, 0, 0, 0, 0, 0, 0, 0, 0, 0, 0, 0),
    ('Yoink!', 0, 0, 0, 0, 1, 0, 0, 1, 0, 0, 0, 0, 0, 0, 0, 0),
    ('Bite', 1, 0, 0, 1, 0, 0, 0, 0, 0, 0, 0, 0, 0, 0, 0, 0),
    ('Headbutt', 2, 0, 0, 0, 0, 0, 0, 0, 0, 0, 0, -1, 0, 0, 0, 0),
    ('Parry', 2, 0, 0, 0, 1, 0, 0, 0, 0, 0, 0, 0, 0, 0, 0, 0),
    ('Head blow', 1, 0, 0, 0, 0, 0, 0, 0, 0, 0, 1, 0, 0, 0, 0, 0),
    ('Spray', 0, 0, 0, 0, 0, 2, 0, 0, 0, 0, 0, 0, 0, 0, 2, 0),
    ('Ransack', 2, 0, 0, 0, 0, 0, 0, 1, 0, 0, 0, 0, 0, 0, 0, 0),
    ('Anger', 1, 0, 0, 0, 0, 0, 0, 0, 0, 0, 0, -1, 0, 0, 0, 0),
    ('Charge', 2, 0, 0, 0, 0, 1, 0, 0, 0, 0, 0, 0, 0, 0, 0, 0),
    ('Savage', 3, 0, 0, 0, 0, 0, 0, 0, 0, 0, 0, 0, 0, 0, 0, 0),
    ('Strike', 1, 0, 0, 0, 0, 0, 0, 0, 0, 0, 0, 0, 0, 0, 0, 0),
    ('Maul', 4, 0, 0, 0, 0, 0, 0, 0, 0, 0, 0, -1, 0, 0, 0, 0),
    ('Dark Strike', 0, 2, 0, 0, 0, 0, 0, 0, 0, 0, 0, 1, 0, 0, 0, 0),
    ('Fiery Weapon', 1, 1, 0, 0, 0, 0, 0, 0, 0, 0, 0, 0, 0, 0, 0, 0),
    ('Black Strike', 0, 3, 0, 0, 0, 0, 0, 0, 1, 0, 0, 0, 0, 0, 0, 0),
    ('Spark', 0, 1, 0, 0, 0, 0, 0, 0, 0, 0, 0, 0, 0, 0, 0, 0),
    ('Chaos', 0, 2, 0, 0, 0, 0, 0, 0, 0, 0, 1, 0, 0, 0, 0, 0),
    ('Torment', 0, 3, 0, 0, 1, 0, 0, 0, 0, 0, 0, 0, 0, 0, 0, 0),
    ('Sweeping Blast', 0, 2, 0, 0, 0, 1, 0, 0, 0, 0, 0, 0, 0, 0, 0, 0),
    ('Pummel', 3, 0, 0, 0, 0, 0, 0, 0, 0, 0, 0, 0, 0, 0, 0, 0),
    ('Beat', 2, 0, 0, 0, 1, 0, 0, 0, 0, 0, 0, 0, 0, 0, 0, 0),
    ('Cower', 0, 0, 0, 0, 0, 0, 1, 0, 0, 0, 0, 0, 0, 0, 0, 0),
    ('Lucky Hit', 2, 0, 0, 0, 0, 0, 0, 0, 0, 0, 0, 0, 0, 0, 0, 0),
    ('Eyes Closed Punch', 1, 0, 0, 0, 0, 0, 0, 0, 0, 0, 0, 0, 0, 0, 0, 0),
    ('Imaginary Cannon', 0, 2, 0, 0, 0, 0, 0, 0, 0, 0, 0, 0, 0, 0, 0, 0),
    ('Imaginary Box', 1, 0, 0, 0, 0, 0, 0, 0, 0, 0, 0, 0, 0, 1, 0, 0),
    ('Bull-horns', 1, 0, 0, 0, 1, 0, 0, 0, 0, 0, 0, 0, 0, 0, 0, 0),
    ('Stage-presence', 0, 1, 0, 0, 0, 0, 0, 0, 0, 0, 1, 0, 0, 0, 0, 0),
    ('Copycat', 0, 1, 0, 0, 0, 0, 0, 0, 0, 1, 0, 0, 0, 0, 0, 0),
    ('Intuition', 0, 0, 0, 0, 0, 0, 0, 0, 0, 0, 0, 0, 0, 0, 0, 2),
    ('Fire Shield', 0, 1, 0, 0, 0, 1, 0, 0, 0, 0, 0, 0, 0, 0, 0, 0),
    ('Zap', 0, 1, 1, 0, 0, 0, 0, 0, 0, 0, 0, 0, 0, 0, 0, 0),
    ('Sparks', 0, 1, 0, 1, 0, 0, 0, 0, 0, 0, 0, 0, 0, 0, 0, 0),
    ('Barkskin', 0, 0, 0, 0, 3, 0, 0, 0, 0, 0, 0, 0, 0, 0, 0, 0),
    ('Aspect of the Dragon', 0, 1, 0, 0, 0, 2, 0, 0, 0, 0, 0, 0, 0, 0, 0, 0),
    ('Aspect of the Bull', 2, 0, 0, 0, 0, 0, 0, 0, 0, 0, 0, 0, 0, 0, 0, 0),
    ('Aspect of the Panther', 0, 1, 0, 1, 0, 0, 0, 0, 0, 0, 0, 0, 0, 0, 0, 0),
    ('Regenerate', 0, 0, 0, 0, 0, 0, 0, 0, 0, 0, 0, 2, 0, 0, 0, 0),
    ('You tryin something?', 2, 0, 0, 0, 0, 0, 0, 0, 0, 0, 0, 0, 0, 0, 0, 0),
    ('Nice try, chump', 0, 2, 0, 0, 0, 0, 0, 0, 0, 0, 0, 0, 0, 0, 0, 0),
    ('Get outta here', 1, 0, 0, 0, 1, 0, 0, 0, 0, 0, 0, 0, 0, 0, 0, 0),
    ('How do you like this?', 1, 0, 0, 1, 0, 0, 0, 0, 0, 0, 0, 0, 0, 0, 0, 0),
    ('Oi!', 1, 0, 0, 0, 0, 0, 0, 0, 0, 0, 0, 0, 0, 0, 0, 0),
    ('Spark', 0, 1, 0, 0, 0, 0, 0, 0, 0, 0, 1, 0, 0, 0, 0, 0),
    ('Spray', 0, 0, 0, 0, 0, 2, 0, 0, 0, 0, 0, 0, 0, 0, 1, 0),
    ('Parry', 2, 0, 0, 0, 1, 0, 0, 0, 0, 0, 0, 0, 0, 0, 0, 0),
    ('Plunder', 0, 0, 0, 0, 0, 0, 0, 1, 0, 0, 0, 1, 0, 0, 0, 0);

INSERT INTO DisciplineCard(DisciplineId,CardId,Level) VALUES
    ((SELECT Id FROM Discipline WHERE Name = 'Burly'), (SELECT Id FROM Card WHERE Name = 'Beat'), 1),
    ((SELECT Id FROM Discipline WHERE Name = 'Burly'), (SELECT Id FROM Card WHERE Name = 'Pummel'), 2),
    ((SELECT Id FROM Discipline WHERE Name = 'Demonic'), (SELECT Id FROM Card WHERE Name = 'Sweeping Blast'), 1),
    ((SELECT Id FROM Discipline WHERE Name = 'Feral'), (SELECT Id FROM Card WHERE Name = 'Bite'), 1),
    ((SELECT Id FROM Discipline WHERE Name = 'Feral'), (SELECT Id FROM Card WHERE Name = 'Bite'), 2),
    ((SELECT Id FROM Discipline WHERE Name = 'Feral'), (SELECT Id FROM Card WHERE Name = 'Charge'), 3),
    ((SELECT Id FROM Discipline WHERE Name = 'Feral'), (SELECT Id FROM Card WHERE Name = 'Charge'), 4),
    ((SELECT Id FROM Discipline WHERE Name = 'Nature'), (SELECT Id FROM Card WHERE Name = 'Claw'), 1),
    ((SELECT Id FROM Discipline WHERE Name = 'Nature'), (SELECT Id FROM Card WHERE Name = 'Neurotoxin'), 2),
    ((SELECT Id FROM Discipline WHERE Name = 'Nature'), (SELECT Id FROM Card WHERE Name = 'Restore'), 3),
    ((SELECT Id FROM Discipline WHERE Name = 'Rage'), (SELECT Id FROM Card WHERE Name = 'Lunge'), 1),
    ((SELECT Id FROM Discipline WHERE Name = 'Rage'), (SELECT Id FROM Card WHERE Name = 'Thrash'), 2),
    ((SELECT Id FROM Discipline WHERE Name = 'Rage'), (SELECT Id FROM Card WHERE Name = 'Maul'), 4),
    ((SELECT Id FROM Discipline WHERE Name = 'Sorcery'), (SELECT Id FROM Card WHERE Name = 'Dark Strike'), 1),
    ((SELECT Id FROM Discipline WHERE Name = 'Stupidity'), (SELECT Id FROM Card WHERE Name = 'Uhh...'), 1),
    ((SELECT Id FROM Discipline WHERE Name = 'Stupidity'), (SELECT Id FROM Card WHERE Name = 'Uhh...'), 2),
    ((SELECT Id FROM Discipline WHERE Name = 'Stupidity'), (SELECT Id FROM Card WHERE Name = 'Uhh...'), 3),
    ((SELECT Id FROM Discipline WHERE Name = 'Stupidity'), (SELECT Id FROM Card WHERE Name = 'Uhh...'), 4),
    ((SELECT Id FROM Discipline WHERE Name = 'Venom'), (SELECT Id FROM Card WHERE Name = 'Spider Bite'), 1),
    ((SELECT Id FROM Discipline WHERE Name = 'Venom'), (SELECT Id FROM Card WHERE Name = 'Venomous Bite'), 2),
    ((SELECT Id FROM Discipline WHERE Name = 'Venom'), (SELECT Id FROM Card WHERE Name = 'Acid Spit'), 3),
    ((SELECT Id FROM Discipline WHERE Name = 'Pickpocket'), (SELECT Id FROM Card WHERE Name = 'Yoink!'), 1),
    ((SELECT Id FROM Discipline WHERE Name = 'Pickpocket'), (SELECT Id FROM Card WHERE Name = 'Ransack'), 2),
    ((SELECT Id FROM Discipline WHERE Name = 'Irritable'), (SELECT Id FROM Card WHERE Name = 'Anger'), 1),
    ((SELECT Id FROM Discipline WHERE Name = 'Irritable'), (SELECT Id FROM Card WHERE Name = 'Headbutt'), 3),
    ((SELECT Id FROM Discipline WHERE Name = 'Armed'), (SELECT Id FROM Card WHERE Name = 'Head blow'), 2),
    ((SELECT Id FROM Discipline WHERE Name = 'Armed'), (SELECT Id FROM Card WHERE Name = 'Parry'), 3),
    ((SELECT Id FROM Discipline WHERE Name = 'Armed'), (SELECT Id FROM Card WHERE Name = 'Strike'), 1),
    ((SELECT Id FROM Discipline WHERE Name = 'Flame'), (SELECT Id FROM Card WHERE Name = 'Fiery Weapon'), 3),
    ((SELECT Id FROM Discipline WHERE Name = 'Sorcery'), (SELECT Id FROM Card WHERE Name = 'Dark Strike'), 1),
    ((SELECT Id FROM Discipline WHERE Name = 'Sorcery'), (SELECT Id FROM Card WHERE Name = 'Black Strike'), 3),
    ((SELECT Id FROM Discipline WHERE Name = 'Pickpocket'), (SELECT Id FROM Card WHERE Name = 'Plunder'), 3),
    ((SELECT Id FROM Discipline WHERE Name = 'Spooky'), (SELECT Id FROM Card WHERE Name = 'Spook'), 1);

INSERT INTO DungeoneerCard(DungeoneerId,CardId,Quantity) VALUES
    ((SELECT Id FROM Dungeoneer WHERE Name = 'Ranger'), (SELECT Id FROM Card WHERE Name = 'Camouflage'), 2),
    ((SELECT Id FROM Dungeoneer WHERE Name = 'Ranger'), (SELECT Id FROM Card WHERE Name = 'Pierce'), 1),
    ((SELECT Id FROM Dungeoneer WHERE Name = 'Ranger'), (SELECT Id FROM Card WHERE Name = 'Steelhead arrow'), 1),
    ((SELECT Id FROM Dungeoneer WHERE Name = 'Ranger'), (SELECT Id FROM Card WHERE Name = 'Wooden Arrow'), 1),
    ((SELECT Id FROM Dungeoneer WHERE Name = 'Ranger'), (SELECT Id FROM Card WHERE Name = 'Flame Arrow'), 1),
    ((SELECT Id FROM Dungeoneer WHERE Name = 'Chump'), (SELECT Id FROM Card WHERE Name = 'Cower'), 2),
    ((SELECT Id FROM Dungeoneer WHERE Name = 'Chump'), (SELECT Id FROM Card WHERE Name = 'Lucky Hit'), 1),
    ((SELECT Id FROM Dungeoneer WHERE Name = 'Chump'), (SELECT Id FROM Card WHERE Name = 'Eyes Closed Punch'), 3),
    ((SELECT Id FROM Dungeoneer WHERE Name = 'Mime'), (SELECT Id FROM Card WHERE Name = 'Imaginary Cannon'), 1),
    ((SELECT Id FROM Dungeoneer WHERE Name = 'Mime'), (SELECT Id FROM Card WHERE Name = 'Imaginary Box'), 1),
    ((SELECT Id FROM Dungeoneer WHERE Name = 'Mime'), (SELECT Id FROM Card WHERE Name = 'Bull-horns'), 1),
    ((SELECT Id FROM Dungeoneer WHERE Name = 'Mime'), (SELECT Id FROM Card WHERE Name = 'Stage-presence'), 2),
    ((SELECT Id FROM Dungeoneer WHERE Name = 'Mime'), (SELECT Id FROM Card WHERE Name = 'Copycat'), 1),
    ((SELECT Id FROM Dungeoneer WHERE Name = 'Apprentice'), (SELECT Id FROM Card WHERE Name = 'Intuition'), 1),
    ((SELECT Id FROM Dungeoneer WHERE Name = 'Apprentice'), (SELECT Id FROM Card WHERE Name = 'Fire Shield'), 2),
    ((SELECT Id FROM Dungeoneer WHERE Name = 'Apprentice'), (SELECT Id FROM Card WHERE Name = 'Zap'), 1),
    ((SELECT Id FROM Dungeoneer WHERE Name = 'Apprentice'), (SELECT Id FROM Card WHERE Name = 'Sparks'), 2),
    ((SELECT Id FROM Dungeoneer WHERE Name = 'Shapeshifter'), (SELECT Id FROM Card WHERE Name = 'Barkskin'), 1),
    ((SELECT Id FROM Dungeoneer WHERE Name = 'Shapeshifter'), (SELECT Id FROM Card WHERE Name = 'Aspect of the Dragon'), 1),
    ((SELECT Id FROM Dungeoneer WHERE Name = 'Shapeshifter'), (SELECT Id FROM Card WHERE Name = 'Aspect of the Bull'), 2),
    ((SELECT Id FROM Dungeoneer WHERE Name = 'Shapeshifter'), (SELECT Id FROM Card WHERE Name = 'Aspect of the Panther'), 1),
    ((SELECT Id FROM Dungeoneer WHERE Name = 'Shapeshifter'), (SELECT Id FROM Card WHERE Name = 'Regenerate'), 1),
    ((SELECT Id FROM Dungeoneer WHERE Name = 'Bruiser'), (SELECT Id FROM Card WHERE Name = 'You tryin something?'), 1),
    ((SELECT Id FROM Dungeoneer WHERE Name = 'Bruiser'), (SELECT Id FROM Card WHERE Name = 'Nice try, chump'), 1),
    ((SELECT Id FROM Dungeoneer WHERE Name = 'Bruiser'), (SELECT Id FROM Card WHERE Name = 'Get outta here'), 1),
    ((SELECT Id FROM Dungeoneer WHERE Name = 'Bruiser'), (SELECT Id FROM Card WHERE Name = 'How do you like this?'), 1),
    ((SELECT Id FROM Dungeoneer WHERE Name = 'Bruiser'), (SELECT Id FROM Card WHERE Name = 'Oi!'), 2);